USE MDMQ_REMETFU
GO


SET IDENTITY_INSERT Remetfu.REM_TIPO_CATALOGO ON
GO

INSERT INTO Remetfu.REM_TIPO_CATALOGO(TIPO_CATALOGO_ID,NOMBRE,ESTADO,USUARIO_CREACION,TERMINAL_CREACION,FECHA_CREACION,USUARIO_MODIFICACION,TERMINAL_MODIFICACION,FECHA_MODIFICACION) VALUES(1,'Agencia','ACT','Script',host_name(),getdate(),'Script',host_name(),getdate())
INSERT INTO Remetfu.REM_TIPO_CATALOGO(TIPO_CATALOGO_ID,NOMBRE,ESTADO,USUARIO_CREACION,TERMINAL_CREACION,FECHA_CREACION,USUARIO_MODIFICACION,TERMINAL_MODIFICACION,FECHA_MODIFICACION) VALUES(2,'Nacionalidad','ACT','Script',host_name(),getdate(),'Script',host_name(),getdate())
INSERT INTO Remetfu.REM_TIPO_CATALOGO(TIPO_CATALOGO_ID,NOMBRE,ESTADO,USUARIO_CREACION,TERMINAL_CREACION,FECHA_CREACION,USUARIO_MODIFICACION,TERMINAL_MODIFICACION,FECHA_MODIFICACION) VALUES(3,'Administracion zonal','ACT','Script',host_name(),getdate(),'Script',host_name(),getdate())
INSERT INTO Remetfu.REM_TIPO_CATALOGO(TIPO_CATALOGO_ID,NOMBRE,ESTADO,USUARIO_CREACION,TERMINAL_CREACION,FECHA_CREACION,USUARIO_MODIFICACION,TERMINAL_MODIFICACION,FECHA_MODIFICACION) VALUES(4,'Parroquia de retiro','ACT','Script',host_name(),getdate(),'Script',host_name(),getdate())
INSERT INTO Remetfu.REM_TIPO_CATALOGO(TIPO_CATALOGO_ID,NOMBRE,ESTADO,USUARIO_CREACION,TERMINAL_CREACION,FECHA_CREACION,USUARIO_MODIFICACION,TERMINAL_MODIFICACION,FECHA_MODIFICACION) VALUES(5,'Estados','ACT','Script',host_name(),getdate(),'Script',host_name(),getdate())
INSERT INTO Remetfu.REM_TIPO_CATALOGO(TIPO_CATALOGO_ID,NOMBRE,ESTADO,USUARIO_CREACION,TERMINAL_CREACION,FECHA_CREACION,USUARIO_MODIFICACION,TERMINAL_MODIFICACION,FECHA_MODIFICACION) VALUES(6,'Estatus de vivienda','ACT','Script',host_name(),getdate(),'Script',host_name(),getdate())
INSERT INTO Remetfu.REM_TIPO_CATALOGO(TIPO_CATALOGO_ID,NOMBRE,ESTADO,USUARIO_CREACION,TERMINAL_CREACION,FECHA_CREACION,USUARIO_MODIFICACION,TERMINAL_MODIFICACION,FECHA_MODIFICACION) VALUES(7,'Tipo de vivienda','ACT','Script',host_name(),getdate(),'Script',host_name(),getdate())
INSERT INTO Remetfu.REM_TIPO_CATALOGO(TIPO_CATALOGO_ID,NOMBRE,ESTADO,USUARIO_CREACION,TERMINAL_CREACION,FECHA_CREACION,USUARIO_MODIFICACION,TERMINAL_MODIFICACION,FECHA_MODIFICACION) VALUES(8,'Perfil academico','ACT','Script',host_name(),getdate(),'Script',host_name(),getdate())
INSERT INTO Remetfu.REM_TIPO_CATALOGO(TIPO_CATALOGO_ID,NOMBRE,ESTADO,USUARIO_CREACION,TERMINAL_CREACION,FECHA_CREACION,USUARIO_MODIFICACION,TERMINAL_MODIFICACION,FECHA_MODIFICACION) VALUES(9,'Carreras afines','ACT','Script',host_name(),getdate(),'Script',host_name(),getdate())
INSERT INTO Remetfu.REM_TIPO_CATALOGO(TIPO_CATALOGO_ID,NOMBRE,ESTADO,USUARIO_CREACION,TERMINAL_CREACION,FECHA_CREACION,USUARIO_MODIFICACION,TERMINAL_MODIFICACION,FECHA_MODIFICACION) VALUES(10,'Acreditacion de formacion','ACT','Script',host_name(),getdate(),'Script',host_name(),getdate())
INSERT INTO Remetfu.REM_TIPO_CATALOGO(TIPO_CATALOGO_ID,NOMBRE,ESTADO,USUARIO_CREACION,TERMINAL_CREACION,FECHA_CREACION,USUARIO_MODIFICACION,TERMINAL_MODIFICACION,FECHA_MODIFICACION) VALUES(11,'Cargo que ocupa dentro del comité','ACT','Script',host_name(),getdate(),'Script',host_name(),getdate())
INSERT INTO Remetfu.REM_TIPO_CATALOGO(TIPO_CATALOGO_ID,NOMBRE,ESTADO,USUARIO_CREACION,TERMINAL_CREACION,FECHA_CREACION,USUARIO_MODIFICACION,TERMINAL_MODIFICACION,FECHA_MODIFICACION) VALUES(12,'Pais de origen','ACT','Script',host_name(),getdate(),'Script',host_name(),getdate())
INSERT INTO Remetfu.REM_TIPO_CATALOGO(TIPO_CATALOGO_ID,NOMBRE,ESTADO,USUARIO_CREACION,TERMINAL_CREACION,FECHA_CREACION,USUARIO_MODIFICACION,TERMINAL_MODIFICACION,FECHA_MODIFICACION) VALUES(13,'Permanencia del animal de compania','ACT','Script',host_name(),getdate(),'Script',host_name(),getdate())
INSERT INTO Remetfu.REM_TIPO_CATALOGO(TIPO_CATALOGO_ID,NOMBRE,ESTADO,USUARIO_CREACION,TERMINAL_CREACION,FECHA_CREACION,USUARIO_MODIFICACION,TERMINAL_MODIFICACION,FECHA_MODIFICACION) VALUES(14,'Especie','ACT','Script',host_name(),getdate(),'Script',host_name(),getdate())
INSERT INTO Remetfu.REM_TIPO_CATALOGO(TIPO_CATALOGO_ID,NOMBRE,ESTADO,USUARIO_CREACION,TERMINAL_CREACION,FECHA_CREACION,USUARIO_MODIFICACION,TERMINAL_MODIFICACION,FECHA_MODIFICACION) VALUES(15,'Tipo de animal','ACT','Script',host_name(),getdate(),'Script',host_name(),getdate())
INSERT INTO Remetfu.REM_TIPO_CATALOGO(TIPO_CATALOGO_ID,NOMBRE,ESTADO,USUARIO_CREACION,TERMINAL_CREACION,FECHA_CREACION,USUARIO_MODIFICACION,TERMINAL_MODIFICACION,FECHA_MODIFICACION) VALUES(16,'Procedencia animal','ACT','Script',host_name(),getdate(),'Script',host_name(),getdate())
INSERT INTO Remetfu.REM_TIPO_CATALOGO(TIPO_CATALOGO_ID,NOMBRE,ESTADO,USUARIO_CREACION,TERMINAL_CREACION,FECHA_CREACION,USUARIO_MODIFICACION,TERMINAL_MODIFICACION,FECHA_MODIFICACION) VALUES(17,'Estado reproductivo al momento de registro','ACT','Script',host_name(),getdate(),'Script',host_name(),getdate())
INSERT INTO Remetfu.REM_TIPO_CATALOGO(TIPO_CATALOGO_ID,NOMBRE,ESTADO,USUARIO_CREACION,TERMINAL_CREACION,FECHA_CREACION,USUARIO_MODIFICACION,TERMINAL_MODIFICACION,FECHA_MODIFICACION) VALUES(18,'Prueba de comportamiento','ACT','Script',host_name(),getdate(),'Script',host_name(),getdate())
INSERT INTO Remetfu.REM_TIPO_CATALOGO(TIPO_CATALOGO_ID,NOMBRE,ESTADO,USUARIO_CREACION,TERMINAL_CREACION,FECHA_CREACION,USUARIO_MODIFICACION,TERMINAL_MODIFICACION,FECHA_MODIFICACION) VALUES(19,'Tipo de identificacion visible','ACT','Script',host_name(),getdate(),'Script',host_name(),getdate())
INSERT INTO Remetfu.REM_TIPO_CATALOGO(TIPO_CATALOGO_ID,NOMBRE,ESTADO,USUARIO_CREACION,TERMINAL_CREACION,FECHA_CREACION,USUARIO_MODIFICACION,TERMINAL_MODIFICACION,FECHA_MODIFICACION) VALUES(20,'Situacion de intervencion','ACT','Script',host_name(),getdate(),'Script',host_name(),getdate())
INSERT INTO Remetfu.REM_TIPO_CATALOGO(TIPO_CATALOGO_ID,NOMBRE,ESTADO,USUARIO_CREACION,TERMINAL_CREACION,FECHA_CREACION,USUARIO_MODIFICACION,TERMINAL_MODIFICACION,FECHA_MODIFICACION) VALUES(21,'Proceso de ejecucion','ACT','Script',host_name(),getdate(),'Script',host_name(),getdate())
INSERT INTO Remetfu.REM_TIPO_CATALOGO(TIPO_CATALOGO_ID,NOMBRE,ESTADO,USUARIO_CREACION,TERMINAL_CREACION,FECHA_CREACION,USUARIO_MODIFICACION,TERMINAL_MODIFICACION,FECHA_MODIFICACION) VALUES(22,'Raza','ACT','Script',host_name(),getdate(),'Script',host_name(),getdate())
INSERT INTO Remetfu.REM_TIPO_CATALOGO(TIPO_CATALOGO_ID,NOMBRE,ESTADO,USUARIO_CREACION,TERMINAL_CREACION,FECHA_CREACION,USUARIO_MODIFICACION,TERMINAL_MODIFICACION,FECHA_MODIFICACION) VALUES(23,'Color predominante','ACT','Script',host_name(),getdate(),'Script',host_name(),getdate())
INSERT INTO Remetfu.REM_TIPO_CATALOGO(TIPO_CATALOGO_ID,NOMBRE,ESTADO,USUARIO_CREACION,TERMINAL_CREACION,FECHA_CREACION,USUARIO_MODIFICACION,TERMINAL_MODIFICACION,FECHA_MODIFICACION) VALUES(24,'Color secundario','ACT','Script',host_name(),getdate(),'Script',host_name(),getdate())
INSERT INTO Remetfu.REM_TIPO_CATALOGO(TIPO_CATALOGO_ID,NOMBRE,ESTADO,USUARIO_CREACION,TERMINAL_CREACION,FECHA_CREACION,USUARIO_MODIFICACION,TERMINAL_MODIFICACION,FECHA_MODIFICACION) VALUES(25,'Motivo de retiro','ACT','Script',host_name(),getdate(),'Script',host_name(),getdate())
INSERT INTO Remetfu.REM_TIPO_CATALOGO(TIPO_CATALOGO_ID,NOMBRE,ESTADO,USUARIO_CREACION,TERMINAL_CREACION,FECHA_CREACION,USUARIO_MODIFICACION,TERMINAL_MODIFICACION,FECHA_MODIFICACION) VALUES(26,'Motivo de fallecimiento','ACT','Script',host_name(),getdate(),'Script',host_name(),getdate())
INSERT INTO Remetfu.REM_TIPO_CATALOGO(TIPO_CATALOGO_ID,NOMBRE,ESTADO,USUARIO_CREACION,TERMINAL_CREACION,FECHA_CREACION,USUARIO_MODIFICACION,TERMINAL_MODIFICACION,FECHA_MODIFICACION) VALUES(27,'Agencia UBA de acogida temporal','ACT','Script',host_name(),getdate(),'Script',host_name(),getdate())
INSERT INTO Remetfu.REM_TIPO_CATALOGO(TIPO_CATALOGO_ID,NOMBRE,ESTADO,USUARIO_CREACION,TERMINAL_CREACION,FECHA_CREACION,USUARIO_MODIFICACION,TERMINAL_MODIFICACION,FECHA_MODIFICACION) VALUES(29,'Enfermedades o afecciones detectadas','ACT','Script',host_name(),getdate(),'Script',host_name(),getdate())
INSERT INTO Remetfu.REM_TIPO_CATALOGO(TIPO_CATALOGO_ID,NOMBRE,ESTADO,USUARIO_CREACION,TERMINAL_CREACION,FECHA_CREACION,USUARIO_MODIFICACION,TERMINAL_MODIFICACION,FECHA_MODIFICACION) VALUES(30,'Tipos de Usuarios','ACT','Script',host_name(),getdate(),'Script',host_name(),getdate())
INSERT INTO Remetfu.REM_TIPO_CATALOGO(TIPO_CATALOGO_ID,NOMBRE,ESTADO,USUARIO_CREACION,TERMINAL_CREACION,FECHA_CREACION,USUARIO_MODIFICACION,TERMINAL_MODIFICACION,FECHA_MODIFICACION) VALUES(31,'Estados del Tramite','ACT','Script',host_name(),getdate(),'Script',host_name(),getdate())
INSERT INTO Remetfu.REM_TIPO_CATALOGO(TIPO_CATALOGO_ID,NOMBRE,ESTADO,USUARIO_CREACION,TERMINAL_CREACION,FECHA_CREACION,USUARIO_MODIFICACION,TERMINAL_MODIFICACION,FECHA_MODIFICACION) VALUES(32,'Tipos de Mensajes','ACT','Script',host_name(),getdate(),'Script',host_name(),getdate())
INSERT INTO Remetfu.REM_TIPO_CATALOGO(TIPO_CATALOGO_ID,NOMBRE,ESTADO,USUARIO_CREACION,TERMINAL_CREACION,FECHA_CREACION,USUARIO_MODIFICACION,TERMINAL_MODIFICACION,FECHA_MODIFICACION) VALUES(33,'Estados de la Aplicación','ACT','Script',host_name(),getdate(),'Script',host_name(),getdate())
INSERT INTO Remetfu.REM_TIPO_CATALOGO(TIPO_CATALOGO_ID,NOMBRE,ESTADO,USUARIO_CREACION,TERMINAL_CREACION,FECHA_CREACION,USUARIO_MODIFICACION,TERMINAL_MODIFICACION,FECHA_MODIFICACION) VALUES(34,'Generos','ACT','Script',host_name(),getdate(),'Script',host_name(),getdate())
INSERT INTO Remetfu.REM_TIPO_CATALOGO(TIPO_CATALOGO_ID,NOMBRE,ESTADO,USUARIO_CREACION,TERMINAL_CREACION,FECHA_CREACION,USUARIO_MODIFICACION,TERMINAL_MODIFICACION,FECHA_MODIFICACION) VALUES(35,'Tipos de Establecimiento','ACT','Script',host_name(),getdate(),'Script',host_name(),getdate())
INSERT INTO Remetfu.REM_TIPO_CATALOGO(TIPO_CATALOGO_ID,NOMBRE,ESTADO,USUARIO_CREACION,TERMINAL_CREACION,FECHA_CREACION,USUARIO_MODIFICACION,TERMINAL_MODIFICACION,FECHA_MODIFICACION) VALUES(36,'Estados de Tutoria','ACT','Script',host_name(),getdate(),'Script',host_name(),getdate())
INSERT INTO Remetfu.REM_TIPO_CATALOGO(TIPO_CATALOGO_ID,NOMBRE,ESTADO,USUARIO_CREACION,TERMINAL_CREACION,FECHA_CREACION,USUARIO_MODIFICACION,TERMINAL_MODIFICACION,FECHA_MODIFICACION) VALUES(37,'Factor de desición','ACT','Script',host_name(),getdate(),'Script',host_name(),getdate())
INSERT INTO Remetfu.REM_TIPO_CATALOGO(TIPO_CATALOGO_ID,NOMBRE,ESTADO,USUARIO_CREACION,TERMINAL_CREACION,FECHA_CREACION,USUARIO_MODIFICACION,TERMINAL_MODIFICACION,FECHA_MODIFICACION) VALUES(38,'Sexo Animal','ACT','Script',host_name(),getdate(),'Script',host_name(),getdate())
INSERT INTO Remetfu.REM_TIPO_CATALOGO(TIPO_CATALOGO_ID,NOMBRE,ESTADO,USUARIO_CREACION,TERMINAL_CREACION,FECHA_CREACION,USUARIO_MODIFICACION,TERMINAL_MODIFICACION,FECHA_MODIFICACION) VALUES(39,'Atención Realizada','ACT','Script',host_name(),getdate(),'Script',host_name(),getdate())
INSERT INTO Remetfu.REM_TIPO_CATALOGO(TIPO_CATALOGO_ID,NOMBRE,ESTADO,USUARIO_CREACION,TERMINAL_CREACION,FECHA_CREACION,USUARIO_MODIFICACION,TERMINAL_MODIFICACION,FECHA_MODIFICACION) VALUES(40,'Estado General del chequeo','ACT','Script',host_name(),getdate(),'Script',host_name(),getdate())
SET IDENTITY_INSERT Remetfu.REM_TIPO_CATALOGO OFF
GO

SET IDENTITY_INSERT Remetfu.REM_CATALOGO ON
GO
INSERT INTO Remetfu.REM_CATALOGO(CATALOGO_ID,TIPO_CATALOGO_ID,NOMBRE,ESTADO,USUARIO_CREACION,TERMINAL_CREACION,FECHA_CREACION,USUARIO_MODIFICACION,TERMINAL_MODIFICACION,FECHA_MODIFICACION) VALUES(1,1,'QUITO SUR','ACT','Script',host_name(),getdate(),'Script',host_name(),getdate())
INSERT INTO Remetfu.REM_CATALOGO(CATALOGO_ID,TIPO_CATALOGO_ID,NOMBRE,ESTADO,USUARIO_CREACION,TERMINAL_CREACION,FECHA_CREACION,USUARIO_MODIFICACION,TERMINAL_MODIFICACION,FECHA_MODIFICACION) VALUES(2,1,'LOS CHILLOS','ACT','Script',host_name(),getdate(),'Script',host_name(),getdate())
INSERT INTO Remetfu.REM_CATALOGO(CATALOGO_ID,TIPO_CATALOGO_ID,NOMBRE,ESTADO,USUARIO_CREACION,TERMINAL_CREACION,FECHA_CREACION,USUARIO_MODIFICACION,TERMINAL_MODIFICACION,FECHA_MODIFICACION) VALUES(3,1,'CALDERON','ACT','Script',host_name(),getdate(),'Script',host_name(),getdate())
INSERT INTO Remetfu.REM_CATALOGO(CATALOGO_ID,TIPO_CATALOGO_ID,NOMBRE,ESTADO,USUARIO_CREACION,TERMINAL_CREACION,FECHA_CREACION,USUARIO_MODIFICACION,TERMINAL_MODIFICACION,FECHA_MODIFICACION) VALUES(4,1,'CAMPAÑA','ACT','Script',host_name(),getdate(),'Script',host_name(),getdate())
INSERT INTO Remetfu.REM_CATALOGO(CATALOGO_ID,TIPO_CATALOGO_ID,NOMBRE,ESTADO,USUARIO_CREACION,TERMINAL_CREACION,FECHA_CREACION,USUARIO_MODIFICACION,TERMINAL_MODIFICACION,FECHA_MODIFICACION) VALUES(5,1,'ADMINISTRACION ZONAL','ACT','Script',host_name(),getdate(),'Script',host_name(),getdate())
INSERT INTO Remetfu.REM_CATALOGO(CATALOGO_ID,TIPO_CATALOGO_ID,NOMBRE,ESTADO,USUARIO_CREACION,TERMINAL_CREACION,FECHA_CREACION,USUARIO_MODIFICACION,TERMINAL_MODIFICACION,FECHA_MODIFICACION) VALUES(6,2,'ECUATORIANO','ACT','Script',host_name(),getdate(),'Script',host_name(),getdate())
INSERT INTO Remetfu.REM_CATALOGO(CATALOGO_ID,TIPO_CATALOGO_ID,NOMBRE,ESTADO,USUARIO_CREACION,TERMINAL_CREACION,FECHA_CREACION,USUARIO_MODIFICACION,TERMINAL_MODIFICACION,FECHA_MODIFICACION) VALUES(7,2,'VENEZOLANO','ACT','Script',host_name(),getdate(),'Script',host_name(),getdate())
INSERT INTO Remetfu.REM_CATALOGO(CATALOGO_ID,TIPO_CATALOGO_ID,NOMBRE,ESTADO,USUARIO_CREACION,TERMINAL_CREACION,FECHA_CREACION,USUARIO_MODIFICACION,TERMINAL_MODIFICACION,FECHA_MODIFICACION) VALUES(8,2,'COLOMBIANO','ACT','Script',host_name(),getdate(),'Script',host_name(),getdate())
INSERT INTO Remetfu.REM_CATALOGO(CATALOGO_ID,TIPO_CATALOGO_ID,NOMBRE,ESTADO,USUARIO_CREACION,TERMINAL_CREACION,FECHA_CREACION,USUARIO_MODIFICACION,TERMINAL_MODIFICACION,FECHA_MODIFICACION) VALUES(9,2,'PERUANO','ACT','Script',host_name(),getdate(),'Script',host_name(),getdate())
INSERT INTO Remetfu.REM_CATALOGO(CATALOGO_ID,TIPO_CATALOGO_ID,NOMBRE,ESTADO,USUARIO_CREACION,TERMINAL_CREACION,FECHA_CREACION,USUARIO_MODIFICACION,TERMINAL_MODIFICACION,FECHA_MODIFICACION) VALUES(10,2,'CUBANO','ACT','Script',host_name(),getdate(),'Script',host_name(),getdate())
INSERT INTO Remetfu.REM_CATALOGO(CATALOGO_ID,TIPO_CATALOGO_ID,NOMBRE,ESTADO,USUARIO_CREACION,TERMINAL_CREACION,FECHA_CREACION,USUARIO_MODIFICACION,TERMINAL_MODIFICACION,FECHA_MODIFICACION) VALUES(11,2,'MEXICANO','ACT','Script',host_name(),getdate(),'Script',host_name(),getdate())
INSERT INTO Remetfu.REM_CATALOGO(CATALOGO_ID,TIPO_CATALOGO_ID,NOMBRE,ESTADO,USUARIO_CREACION,TERMINAL_CREACION,FECHA_CREACION,USUARIO_MODIFICACION,TERMINAL_MODIFICACION,FECHA_MODIFICACION) VALUES(12,2,'NORTEAMERICANO','ACT','Script',host_name(),getdate(),'Script',host_name(),getdate())
INSERT INTO Remetfu.REM_CATALOGO(CATALOGO_ID,TIPO_CATALOGO_ID,NOMBRE,ESTADO,USUARIO_CREACION,TERMINAL_CREACION,FECHA_CREACION,USUARIO_MODIFICACION,TERMINAL_MODIFICACION,FECHA_MODIFICACION) VALUES(13,2,'OTRA','ACT','Script',host_name(),getdate(),'Script',host_name(),getdate())
INSERT INTO Remetfu.REM_CATALOGO(CATALOGO_ID,TIPO_CATALOGO_ID,NOMBRE,ESTADO,USUARIO_CREACION,TERMINAL_CREACION,FECHA_CREACION,USUARIO_MODIFICACION,TERMINAL_MODIFICACION,FECHA_MODIFICACION) VALUES(14,3,'CALDERON','ACT','Script',host_name(),getdate(),'Script',host_name(),getdate())
INSERT INTO Remetfu.REM_CATALOGO(CATALOGO_ID,TIPO_CATALOGO_ID,NOMBRE,ESTADO,USUARIO_CREACION,TERMINAL_CREACION,FECHA_CREACION,USUARIO_MODIFICACION,TERMINAL_MODIFICACION,FECHA_MODIFICACION) VALUES(15,3,'ELOY ALFARO','ACT','Script',host_name(),getdate(),'Script',host_name(),getdate())
INSERT INTO Remetfu.REM_CATALOGO(CATALOGO_ID,TIPO_CATALOGO_ID,NOMBRE,ESTADO,USUARIO_CREACION,TERMINAL_CREACION,FECHA_CREACION,USUARIO_MODIFICACION,TERMINAL_MODIFICACION,FECHA_MODIFICACION) VALUES(16,3,'EUGENIO ESPEJO','ACT','Script',host_name(),getdate(),'Script',host_name(),getdate())
INSERT INTO Remetfu.REM_CATALOGO(CATALOGO_ID,TIPO_CATALOGO_ID,NOMBRE,ESTADO,USUARIO_CREACION,TERMINAL_CREACION,FECHA_CREACION,USUARIO_MODIFICACION,TERMINAL_MODIFICACION,FECHA_MODIFICACION) VALUES(17,3,'LA DELICIA','ACT','Script',host_name(),getdate(),'Script',host_name(),getdate())
INSERT INTO Remetfu.REM_CATALOGO(CATALOGO_ID,TIPO_CATALOGO_ID,NOMBRE,ESTADO,USUARIO_CREACION,TERMINAL_CREACION,FECHA_CREACION,USUARIO_MODIFICACION,TERMINAL_MODIFICACION,FECHA_MODIFICACION) VALUES(18,3,'LA MARSICAL','ACT','Script',host_name(),getdate(),'Script',host_name(),getdate())
INSERT INTO Remetfu.REM_CATALOGO(CATALOGO_ID,TIPO_CATALOGO_ID,NOMBRE,ESTADO,USUARIO_CREACION,TERMINAL_CREACION,FECHA_CREACION,USUARIO_MODIFICACION,TERMINAL_MODIFICACION,FECHA_MODIFICACION) VALUES(19,3,'LOS CHILLOS','ACT','Script',host_name(),getdate(),'Script',host_name(),getdate())
INSERT INTO Remetfu.REM_CATALOGO(CATALOGO_ID,TIPO_CATALOGO_ID,NOMBRE,ESTADO,USUARIO_CREACION,TERMINAL_CREACION,FECHA_CREACION,USUARIO_MODIFICACION,TERMINAL_MODIFICACION,FECHA_MODIFICACION) VALUES(20,3,'MANUELA SAENZ','ACT','Script',host_name(),getdate(),'Script',host_name(),getdate())
INSERT INTO Remetfu.REM_CATALOGO(CATALOGO_ID,TIPO_CATALOGO_ID,NOMBRE,ESTADO,USUARIO_CREACION,TERMINAL_CREACION,FECHA_CREACION,USUARIO_MODIFICACION,TERMINAL_MODIFICACION,FECHA_MODIFICACION) VALUES(21,3,'QUITUMBE','ACT','Script',host_name(),getdate(),'Script',host_name(),getdate())
INSERT INTO Remetfu.REM_CATALOGO(CATALOGO_ID,TIPO_CATALOGO_ID,NOMBRE,ESTADO,USUARIO_CREACION,TERMINAL_CREACION,FECHA_CREACION,USUARIO_MODIFICACION,TERMINAL_MODIFICACION,FECHA_MODIFICACION) VALUES(22,3,'TUMBACO','ACT','Script',host_name(),getdate(),'Script',host_name(),getdate())
INSERT INTO Remetfu.REM_CATALOGO(CATALOGO_ID,TIPO_CATALOGO_ID,NOMBRE,ESTADO,USUARIO_CREACION,TERMINAL_CREACION,FECHA_CREACION,USUARIO_MODIFICACION,TERMINAL_MODIFICACION,FECHA_MODIFICACION) VALUES(23,4,'ALANGASI','ACT','Script',host_name(),getdate(),'Script',host_name(),getdate())
INSERT INTO Remetfu.REM_CATALOGO(CATALOGO_ID,TIPO_CATALOGO_ID,NOMBRE,ESTADO,USUARIO_CREACION,TERMINAL_CREACION,FECHA_CREACION,USUARIO_MODIFICACION,TERMINAL_MODIFICACION,FECHA_MODIFICACION) VALUES(24,4,'AMAGUAÑA','ACT','Script',host_name(),getdate(),'Script',host_name(),getdate())
INSERT INTO Remetfu.REM_CATALOGO(CATALOGO_ID,TIPO_CATALOGO_ID,NOMBRE,ESTADO,USUARIO_CREACION,TERMINAL_CREACION,FECHA_CREACION,USUARIO_MODIFICACION,TERMINAL_MODIFICACION,FECHA_MODIFICACION) VALUES(25,4,'ATAHUALPA','ACT','Script',host_name(),getdate(),'Script',host_name(),getdate())
INSERT INTO Remetfu.REM_CATALOGO(CATALOGO_ID,TIPO_CATALOGO_ID,NOMBRE,ESTADO,USUARIO_CREACION,TERMINAL_CREACION,FECHA_CREACION,USUARIO_MODIFICACION,TERMINAL_MODIFICACION,FECHA_MODIFICACION) VALUES(26,4,'BELISARIO QUEVEDO','ACT','Script',host_name(),getdate(),'Script',host_name(),getdate())
INSERT INTO Remetfu.REM_CATALOGO(CATALOGO_ID,TIPO_CATALOGO_ID,NOMBRE,ESTADO,USUARIO_CREACION,TERMINAL_CREACION,FECHA_CREACION,USUARIO_MODIFICACION,TERMINAL_MODIFICACION,FECHA_MODIFICACION) VALUES(27,4,'CALACALI','ACT','Script',host_name(),getdate(),'Script',host_name(),getdate())
INSERT INTO Remetfu.REM_CATALOGO(CATALOGO_ID,TIPO_CATALOGO_ID,NOMBRE,ESTADO,USUARIO_CREACION,TERMINAL_CREACION,FECHA_CREACION,USUARIO_MODIFICACION,TERMINAL_MODIFICACION,FECHA_MODIFICACION) VALUES(28,4,'CALDERON','ACT','Script',host_name(),getdate(),'Script',host_name(),getdate())
INSERT INTO Remetfu.REM_CATALOGO(CATALOGO_ID,TIPO_CATALOGO_ID,NOMBRE,ESTADO,USUARIO_CREACION,TERMINAL_CREACION,FECHA_CREACION,USUARIO_MODIFICACION,TERMINAL_MODIFICACION,FECHA_MODIFICACION) VALUES(29,4,'CARCELEN','ACT','Script',host_name(),getdate(),'Script',host_name(),getdate())
INSERT INTO Remetfu.REM_CATALOGO(CATALOGO_ID,TIPO_CATALOGO_ID,NOMBRE,ESTADO,USUARIO_CREACION,TERMINAL_CREACION,FECHA_CREACION,USUARIO_MODIFICACION,TERMINAL_MODIFICACION,FECHA_MODIFICACION) VALUES(30,4,'CENTRO HISTORICO','ACT','Script',host_name(),getdate(),'Script',host_name(),getdate())
INSERT INTO Remetfu.REM_CATALOGO(CATALOGO_ID,TIPO_CATALOGO_ID,NOMBRE,ESTADO,USUARIO_CREACION,TERMINAL_CREACION,FECHA_CREACION,USUARIO_MODIFICACION,TERMINAL_MODIFICACION,FECHA_MODIFICACION) VALUES(31,4,'CHAVEZPAMBA','ACT','Script',host_name(),getdate(),'Script',host_name(),getdate())
INSERT INTO Remetfu.REM_CATALOGO(CATALOGO_ID,TIPO_CATALOGO_ID,NOMBRE,ESTADO,USUARIO_CREACION,TERMINAL_CREACION,FECHA_CREACION,USUARIO_MODIFICACION,TERMINAL_MODIFICACION,FECHA_MODIFICACION) VALUES(32,4,'CHECA','ACT','Script',host_name(),getdate(),'Script',host_name(),getdate())
INSERT INTO Remetfu.REM_CATALOGO(CATALOGO_ID,TIPO_CATALOGO_ID,NOMBRE,ESTADO,USUARIO_CREACION,TERMINAL_CREACION,FECHA_CREACION,USUARIO_MODIFICACION,TERMINAL_MODIFICACION,FECHA_MODIFICACION) VALUES(33,4,'CHILIBULU','ACT','Script',host_name(),getdate(),'Script',host_name(),getdate())
INSERT INTO Remetfu.REM_CATALOGO(CATALOGO_ID,TIPO_CATALOGO_ID,NOMBRE,ESTADO,USUARIO_CREACION,TERMINAL_CREACION,FECHA_CREACION,USUARIO_MODIFICACION,TERMINAL_MODIFICACION,FECHA_MODIFICACION) VALUES(34,4,'CHILLOGALLO','ACT','Script',host_name(),getdate(),'Script',host_name(),getdate())
INSERT INTO Remetfu.REM_CATALOGO(CATALOGO_ID,TIPO_CATALOGO_ID,NOMBRE,ESTADO,USUARIO_CREACION,TERMINAL_CREACION,FECHA_CREACION,USUARIO_MODIFICACION,TERMINAL_MODIFICACION,FECHA_MODIFICACION) VALUES(35,4,'CHIMBACALLE','ACT','Script',host_name(),getdate(),'Script',host_name(),getdate())
INSERT INTO Remetfu.REM_CATALOGO(CATALOGO_ID,TIPO_CATALOGO_ID,NOMBRE,ESTADO,USUARIO_CREACION,TERMINAL_CREACION,FECHA_CREACION,USUARIO_MODIFICACION,TERMINAL_MODIFICACION,FECHA_MODIFICACION) VALUES(36,4,'COCHAPAMBA','ACT','Script',host_name(),getdate(),'Script',host_name(),getdate())
INSERT INTO Remetfu.REM_CATALOGO(CATALOGO_ID,TIPO_CATALOGO_ID,NOMBRE,ESTADO,USUARIO_CREACION,TERMINAL_CREACION,FECHA_CREACION,USUARIO_MODIFICACION,TERMINAL_MODIFICACION,FECHA_MODIFICACION) VALUES(37,4,'COMITÉ DEL PUEBLO','ACT','Script',host_name(),getdate(),'Script',host_name(),getdate())
INSERT INTO Remetfu.REM_CATALOGO(CATALOGO_ID,TIPO_CATALOGO_ID,NOMBRE,ESTADO,USUARIO_CREACION,TERMINAL_CREACION,FECHA_CREACION,USUARIO_MODIFICACION,TERMINAL_MODIFICACION,FECHA_MODIFICACION) VALUES(38,4,'CONCEPCION','ACT','Script',host_name(),getdate(),'Script',host_name(),getdate())
INSERT INTO Remetfu.REM_CATALOGO(CATALOGO_ID,TIPO_CATALOGO_ID,NOMBRE,ESTADO,USUARIO_CREACION,TERMINAL_CREACION,FECHA_CREACION,USUARIO_MODIFICACION,TERMINAL_MODIFICACION,FECHA_MODIFICACION) VALUES(39,4,'CONOCOTO','ACT','Script',host_name(),getdate(),'Script',host_name(),getdate())
INSERT INTO Remetfu.REM_CATALOGO(CATALOGO_ID,TIPO_CATALOGO_ID,NOMBRE,ESTADO,USUARIO_CREACION,TERMINAL_CREACION,FECHA_CREACION,USUARIO_MODIFICACION,TERMINAL_MODIFICACION,FECHA_MODIFICACION) VALUES(40,4,'COTOCOLLAO','ACT','Script',host_name(),getdate(),'Script',host_name(),getdate())
INSERT INTO Remetfu.REM_CATALOGO(CATALOGO_ID,TIPO_CATALOGO_ID,NOMBRE,ESTADO,USUARIO_CREACION,TERMINAL_CREACION,FECHA_CREACION,USUARIO_MODIFICACION,TERMINAL_MODIFICACION,FECHA_MODIFICACION) VALUES(41,4,'CUMBAYA','ACT','Script',host_name(),getdate(),'Script',host_name(),getdate())
INSERT INTO Remetfu.REM_CATALOGO(CATALOGO_ID,TIPO_CATALOGO_ID,NOMBRE,ESTADO,USUARIO_CREACION,TERMINAL_CREACION,FECHA_CREACION,USUARIO_MODIFICACION,TERMINAL_MODIFICACION,FECHA_MODIFICACION) VALUES(42,4,'EL CONDADO','ACT','Script',host_name(),getdate(),'Script',host_name(),getdate())
INSERT INTO Remetfu.REM_CATALOGO(CATALOGO_ID,TIPO_CATALOGO_ID,NOMBRE,ESTADO,USUARIO_CREACION,TERMINAL_CREACION,FECHA_CREACION,USUARIO_MODIFICACION,TERMINAL_MODIFICACION,FECHA_MODIFICACION) VALUES(43,4,'EL QUINDE','ACT','Script',host_name(),getdate(),'Script',host_name(),getdate())
INSERT INTO Remetfu.REM_CATALOGO(CATALOGO_ID,TIPO_CATALOGO_ID,NOMBRE,ESTADO,USUARIO_CREACION,TERMINAL_CREACION,FECHA_CREACION,USUARIO_MODIFICACION,TERMINAL_MODIFICACION,FECHA_MODIFICACION) VALUES(44,4,'GUALEA','ACT','Script',host_name(),getdate(),'Script',host_name(),getdate())
INSERT INTO Remetfu.REM_CATALOGO(CATALOGO_ID,TIPO_CATALOGO_ID,NOMBRE,ESTADO,USUARIO_CREACION,TERMINAL_CREACION,FECHA_CREACION,USUARIO_MODIFICACION,TERMINAL_MODIFICACION,FECHA_MODIFICACION) VALUES(45,4,'GUAMANI','ACT','Script',host_name(),getdate(),'Script',host_name(),getdate())
INSERT INTO Remetfu.REM_CATALOGO(CATALOGO_ID,TIPO_CATALOGO_ID,NOMBRE,ESTADO,USUARIO_CREACION,TERMINAL_CREACION,FECHA_CREACION,USUARIO_MODIFICACION,TERMINAL_MODIFICACION,FECHA_MODIFICACION) VALUES(46,4,'GUANGOPOLO','ACT','Script',host_name(),getdate(),'Script',host_name(),getdate())
INSERT INTO Remetfu.REM_CATALOGO(CATALOGO_ID,TIPO_CATALOGO_ID,NOMBRE,ESTADO,USUARIO_CREACION,TERMINAL_CREACION,FECHA_CREACION,USUARIO_MODIFICACION,TERMINAL_MODIFICACION,FECHA_MODIFICACION) VALUES(47,4,'GUALLABAMBA','ACT','Script',host_name(),getdate(),'Script',host_name(),getdate())
INSERT INTO Remetfu.REM_CATALOGO(CATALOGO_ID,TIPO_CATALOGO_ID,NOMBRE,ESTADO,USUARIO_CREACION,TERMINAL_CREACION,FECHA_CREACION,USUARIO_MODIFICACION,TERMINAL_MODIFICACION,FECHA_MODIFICACION) VALUES(48,4,'IÑAQUITO','ACT','Script',host_name(),getdate(),'Script',host_name(),getdate())
INSERT INTO Remetfu.REM_CATALOGO(CATALOGO_ID,TIPO_CATALOGO_ID,NOMBRE,ESTADO,USUARIO_CREACION,TERMINAL_CREACION,FECHA_CREACION,USUARIO_MODIFICACION,TERMINAL_MODIFICACION,FECHA_MODIFICACION) VALUES(49,4,'ITCHIMBIA','ACT','Script',host_name(),getdate(),'Script',host_name(),getdate())
INSERT INTO Remetfu.REM_CATALOGO(CATALOGO_ID,TIPO_CATALOGO_ID,NOMBRE,ESTADO,USUARIO_CREACION,TERMINAL_CREACION,FECHA_CREACION,USUARIO_MODIFICACION,TERMINAL_MODIFICACION,FECHA_MODIFICACION) VALUES(50,4,'JIPIJAPA','ACT','Script',host_name(),getdate(),'Script',host_name(),getdate())
INSERT INTO Remetfu.REM_CATALOGO(CATALOGO_ID,TIPO_CATALOGO_ID,NOMBRE,ESTADO,USUARIO_CREACION,TERMINAL_CREACION,FECHA_CREACION,USUARIO_MODIFICACION,TERMINAL_MODIFICACION,FECHA_MODIFICACION) VALUES(51,4,'KENNEDY','ACT','Script',host_name(),getdate(),'Script',host_name(),getdate())
INSERT INTO Remetfu.REM_CATALOGO(CATALOGO_ID,TIPO_CATALOGO_ID,NOMBRE,ESTADO,USUARIO_CREACION,TERMINAL_CREACION,FECHA_CREACION,USUARIO_MODIFICACION,TERMINAL_MODIFICACION,FECHA_MODIFICACION) VALUES(52,4,'LA ARGELIA','ACT','Script',host_name(),getdate(),'Script',host_name(),getdate())
INSERT INTO Remetfu.REM_CATALOGO(CATALOGO_ID,TIPO_CATALOGO_ID,NOMBRE,ESTADO,USUARIO_CREACION,TERMINAL_CREACION,FECHA_CREACION,USUARIO_MODIFICACION,TERMINAL_MODIFICACION,FECHA_MODIFICACION) VALUES(53,4,'LA ECUATORIANA','ACT','Script',host_name(),getdate(),'Script',host_name(),getdate())
INSERT INTO Remetfu.REM_CATALOGO(CATALOGO_ID,TIPO_CATALOGO_ID,NOMBRE,ESTADO,USUARIO_CREACION,TERMINAL_CREACION,FECHA_CREACION,USUARIO_MODIFICACION,TERMINAL_MODIFICACION,FECHA_MODIFICACION) VALUES(54,4,'LA FERROVIARIA','ACT','Script',host_name(),getdate(),'Script',host_name(),getdate())
INSERT INTO Remetfu.REM_CATALOGO(CATALOGO_ID,TIPO_CATALOGO_ID,NOMBRE,ESTADO,USUARIO_CREACION,TERMINAL_CREACION,FECHA_CREACION,USUARIO_MODIFICACION,TERMINAL_MODIFICACION,FECHA_MODIFICACION) VALUES(55,4,'LA LIBERTAD','ACT','Script',host_name(),getdate(),'Script',host_name(),getdate())
INSERT INTO Remetfu.REM_CATALOGO(CATALOGO_ID,TIPO_CATALOGO_ID,NOMBRE,ESTADO,USUARIO_CREACION,TERMINAL_CREACION,FECHA_CREACION,USUARIO_MODIFICACION,TERMINAL_MODIFICACION,FECHA_MODIFICACION) VALUES(56,4,'LA MAGDALENA','ACT','Script',host_name(),getdate(),'Script',host_name(),getdate())
INSERT INTO Remetfu.REM_CATALOGO(CATALOGO_ID,TIPO_CATALOGO_ID,NOMBRE,ESTADO,USUARIO_CREACION,TERMINAL_CREACION,FECHA_CREACION,USUARIO_MODIFICACION,TERMINAL_MODIFICACION,FECHA_MODIFICACION) VALUES(57,5,'INGRESADO','ACT','Script',host_name(),getdate(),'Script',host_name(),getdate())
INSERT INTO Remetfu.REM_CATALOGO(CATALOGO_ID,TIPO_CATALOGO_ID,NOMBRE,ESTADO,USUARIO_CREACION,TERMINAL_CREACION,FECHA_CREACION,USUARIO_MODIFICACION,TERMINAL_MODIFICACION,FECHA_MODIFICACION) VALUES(58,5,'REINGRESO','ACT','Script',host_name(),getdate(),'Script',host_name(),getdate())
INSERT INTO Remetfu.REM_CATALOGO(CATALOGO_ID,TIPO_CATALOGO_ID,NOMBRE,ESTADO,USUARIO_CREACION,TERMINAL_CREACION,FECHA_CREACION,USUARIO_MODIFICACION,TERMINAL_MODIFICACION,FECHA_MODIFICACION) VALUES(59,5,'DEVUELTO','ACT','Script',host_name(),getdate(),'Script',host_name(),getdate())
INSERT INTO Remetfu.REM_CATALOGO(CATALOGO_ID,TIPO_CATALOGO_ID,NOMBRE,ESTADO,USUARIO_CREACION,TERMINAL_CREACION,FECHA_CREACION,USUARIO_MODIFICACION,TERMINAL_MODIFICACION,FECHA_MODIFICACION) VALUES(60,5,'RECHAZADO','ACT','Script',host_name(),getdate(),'Script',host_name(),getdate())
INSERT INTO Remetfu.REM_CATALOGO(CATALOGO_ID,TIPO_CATALOGO_ID,NOMBRE,ESTADO,USUARIO_CREACION,TERMINAL_CREACION,FECHA_CREACION,USUARIO_MODIFICACION,TERMINAL_MODIFICACION,FECHA_MODIFICACION) VALUES(61,5,'APROBADO','ACT','Script',host_name(),getdate(),'Script',host_name(),getdate())
INSERT INTO Remetfu.REM_CATALOGO(CATALOGO_ID,TIPO_CATALOGO_ID,NOMBRE,ESTADO,USUARIO_CREACION,TERMINAL_CREACION,FECHA_CREACION,USUARIO_MODIFICACION,TERMINAL_MODIFICACION,FECHA_MODIFICACION) VALUES(62,6,'PROPIA ','ACT','Script',host_name(),getdate(),'Script',host_name(),getdate())
INSERT INTO Remetfu.REM_CATALOGO(CATALOGO_ID,TIPO_CATALOGO_ID,NOMBRE,ESTADO,USUARIO_CREACION,TERMINAL_CREACION,FECHA_CREACION,USUARIO_MODIFICACION,TERMINAL_MODIFICACION,FECHA_MODIFICACION) VALUES(63,6,'ARRENDADO','ACT','Script',host_name(),getdate(),'Script',host_name(),getdate())
INSERT INTO Remetfu.REM_CATALOGO(CATALOGO_ID,TIPO_CATALOGO_ID,NOMBRE,ESTADO,USUARIO_CREACION,TERMINAL_CREACION,FECHA_CREACION,USUARIO_MODIFICACION,TERMINAL_MODIFICACION,FECHA_MODIFICACION) VALUES(64,6,'FAMILIAR','ACT','Script',host_name(),getdate(),'Script',host_name(),getdate())
INSERT INTO Remetfu.REM_CATALOGO(CATALOGO_ID,TIPO_CATALOGO_ID,NOMBRE,ESTADO,USUARIO_CREACION,TERMINAL_CREACION,FECHA_CREACION,USUARIO_MODIFICACION,TERMINAL_MODIFICACION,FECHA_MODIFICACION) VALUES(65,6,'OTRA','ACT','Script',host_name(),getdate(),'Script',host_name(),getdate())
INSERT INTO Remetfu.REM_CATALOGO(CATALOGO_ID,TIPO_CATALOGO_ID,NOMBRE,ESTADO,USUARIO_CREACION,TERMINAL_CREACION,FECHA_CREACION,USUARIO_MODIFICACION,TERMINAL_MODIFICACION,FECHA_MODIFICACION) VALUES(66,7,'CASA','ACT','Script',host_name(),getdate(),'Script',host_name(),getdate())
INSERT INTO Remetfu.REM_CATALOGO(CATALOGO_ID,TIPO_CATALOGO_ID,NOMBRE,ESTADO,USUARIO_CREACION,TERMINAL_CREACION,FECHA_CREACION,USUARIO_MODIFICACION,TERMINAL_MODIFICACION,FECHA_MODIFICACION) VALUES(67,7,'DEPARTAMENTO','ACT','Script',host_name(),getdate(),'Script',host_name(),getdate())
INSERT INTO Remetfu.REM_CATALOGO(CATALOGO_ID,TIPO_CATALOGO_ID,NOMBRE,ESTADO,USUARIO_CREACION,TERMINAL_CREACION,FECHA_CREACION,USUARIO_MODIFICACION,TERMINAL_MODIFICACION,FECHA_MODIFICACION) VALUES(68,7,'CASA DE CAMPO','ACT','Script',host_name(),getdate(),'Script',host_name(),getdate())
INSERT INTO Remetfu.REM_CATALOGO(CATALOGO_ID,TIPO_CATALOGO_ID,NOMBRE,ESTADO,USUARIO_CREACION,TERMINAL_CREACION,FECHA_CREACION,USUARIO_MODIFICACION,TERMINAL_MODIFICACION,FECHA_MODIFICACION) VALUES(69,7,'TERRENO','ACT','Script',host_name(),getdate(),'Script',host_name(),getdate())
INSERT INTO Remetfu.REM_CATALOGO(CATALOGO_ID,TIPO_CATALOGO_ID,NOMBRE,ESTADO,USUARIO_CREACION,TERMINAL_CREACION,FECHA_CREACION,USUARIO_MODIFICACION,TERMINAL_MODIFICACION,FECHA_MODIFICACION) VALUES(70,7,'OTROS','ACT','Script',host_name(),getdate(),'Script',host_name(),getdate())
INSERT INTO Remetfu.REM_CATALOGO(CATALOGO_ID,TIPO_CATALOGO_ID,NOMBRE,ESTADO,USUARIO_CREACION,TERMINAL_CREACION,FECHA_CREACION,USUARIO_MODIFICACION,TERMINAL_MODIFICACION,FECHA_MODIFICACION) VALUES(71,8,'PSICOLOGO','ACT','Script',host_name(),getdate(),'Script',host_name(),getdate())
INSERT INTO Remetfu.REM_CATALOGO(CATALOGO_ID,TIPO_CATALOGO_ID,NOMBRE,ESTADO,USUARIO_CREACION,TERMINAL_CREACION,FECHA_CREACION,USUARIO_MODIFICACION,TERMINAL_MODIFICACION,FECHA_MODIFICACION) VALUES(72,8,'ESPECIALISTA EN MEDICINA DE REFUGIOS','ACT','Script',host_name(),getdate(),'Script',host_name(),getdate())
INSERT INTO Remetfu.REM_CATALOGO(CATALOGO_ID,TIPO_CATALOGO_ID,NOMBRE,ESTADO,USUARIO_CREACION,TERMINAL_CREACION,FECHA_CREACION,USUARIO_MODIFICACION,TERMINAL_MODIFICACION,FECHA_MODIFICACION) VALUES(73,8,'ETOLOGO DE BIOLOGIA O AFINES A CIENCIA MEDICAS VETERINARIAS','ACT','Script',host_name(),getdate(),'Script',host_name(),getdate())
INSERT INTO Remetfu.REM_CATALOGO(CATALOGO_ID,TIPO_CATALOGO_ID,NOMBRE,ESTADO,USUARIO_CREACION,TERMINAL_CREACION,FECHA_CREACION,USUARIO_MODIFICACION,TERMINAL_MODIFICACION,FECHA_MODIFICACION) VALUES(74,9,'VETERINARIO','ACT','Script',host_name(),getdate(),'Script',host_name(),getdate())
INSERT INTO Remetfu.REM_CATALOGO(CATALOGO_ID,TIPO_CATALOGO_ID,NOMBRE,ESTADO,USUARIO_CREACION,TERMINAL_CREACION,FECHA_CREACION,USUARIO_MODIFICACION,TERMINAL_MODIFICACION,FECHA_MODIFICACION) VALUES(75,10,'ANALISTA JURIDICO CON EXPERINCIA EN TEMAS AMBIENTALES','ACT','Script',host_name(),getdate(),'Script',host_name(),getdate())
INSERT INTO Remetfu.REM_CATALOGO(CATALOGO_ID,TIPO_CATALOGO_ID,NOMBRE,ESTADO,USUARIO_CREACION,TERMINAL_CREACION,FECHA_CREACION,USUARIO_MODIFICACION,TERMINAL_MODIFICACION,FECHA_MODIFICACION) VALUES(76,11,'VETERINARIO','ACT','Script',host_name(),getdate(),'Script',host_name(),getdate())
INSERT INTO Remetfu.REM_CATALOGO(CATALOGO_ID,TIPO_CATALOGO_ID,NOMBRE,ESTADO,USUARIO_CREACION,TERMINAL_CREACION,FECHA_CREACION,USUARIO_MODIFICACION,TERMINAL_MODIFICACION,FECHA_MODIFICACION) VALUES(77,11,'INVESTIGADOR','ACT','Script',host_name(),getdate(),'Script',host_name(),getdate())
INSERT INTO Remetfu.REM_CATALOGO(CATALOGO_ID,TIPO_CATALOGO_ID,NOMBRE,ESTADO,USUARIO_CREACION,TERMINAL_CREACION,FECHA_CREACION,USUARIO_MODIFICACION,TERMINAL_MODIFICACION,FECHA_MODIFICACION) VALUES(78,11,'SOCIEDAD CIVIL','ACT','Script',host_name(),getdate(),'Script',host_name(),getdate())
INSERT INTO Remetfu.REM_CATALOGO(CATALOGO_ID,TIPO_CATALOGO_ID,NOMBRE,ESTADO,USUARIO_CREACION,TERMINAL_CREACION,FECHA_CREACION,USUARIO_MODIFICACION,TERMINAL_MODIFICACION,FECHA_MODIFICACION) VALUES(79,11,'ASESOR LEGAL','ACT','Script',host_name(),getdate(),'Script',host_name(),getdate())
INSERT INTO Remetfu.REM_CATALOGO(CATALOGO_ID,TIPO_CATALOGO_ID,NOMBRE,ESTADO,USUARIO_CREACION,TERMINAL_CREACION,FECHA_CREACION,USUARIO_MODIFICACION,TERMINAL_MODIFICACION,FECHA_MODIFICACION) VALUES(80,12,'ECUADOR','ACT','Script',host_name(),getdate(),'Script',host_name(),getdate())
INSERT INTO Remetfu.REM_CATALOGO(CATALOGO_ID,TIPO_CATALOGO_ID,NOMBRE,ESTADO,USUARIO_CREACION,TERMINAL_CREACION,FECHA_CREACION,USUARIO_MODIFICACION,TERMINAL_MODIFICACION,FECHA_MODIFICACION) VALUES(81,12,'VENEZUELA','ACT','Script',host_name(),getdate(),'Script',host_name(),getdate())
INSERT INTO Remetfu.REM_CATALOGO(CATALOGO_ID,TIPO_CATALOGO_ID,NOMBRE,ESTADO,USUARIO_CREACION,TERMINAL_CREACION,FECHA_CREACION,USUARIO_MODIFICACION,TERMINAL_MODIFICACION,FECHA_MODIFICACION) VALUES(82,12,'COLOMBIA','ACT','Script',host_name(),getdate(),'Script',host_name(),getdate())
INSERT INTO Remetfu.REM_CATALOGO(CATALOGO_ID,TIPO_CATALOGO_ID,NOMBRE,ESTADO,USUARIO_CREACION,TERMINAL_CREACION,FECHA_CREACION,USUARIO_MODIFICACION,TERMINAL_MODIFICACION,FECHA_MODIFICACION) VALUES(83,12,'PERU ','ACT','Script',host_name(),getdate(),'Script',host_name(),getdate())
INSERT INTO Remetfu.REM_CATALOGO(CATALOGO_ID,TIPO_CATALOGO_ID,NOMBRE,ESTADO,USUARIO_CREACION,TERMINAL_CREACION,FECHA_CREACION,USUARIO_MODIFICACION,TERMINAL_MODIFICACION,FECHA_MODIFICACION) VALUES(84,12,'CUBA ','ACT','Script',host_name(),getdate(),'Script',host_name(),getdate())
INSERT INTO Remetfu.REM_CATALOGO(CATALOGO_ID,TIPO_CATALOGO_ID,NOMBRE,ESTADO,USUARIO_CREACION,TERMINAL_CREACION,FECHA_CREACION,USUARIO_MODIFICACION,TERMINAL_MODIFICACION,FECHA_MODIFICACION) VALUES(85,12,'MEXICO','ACT','Script',host_name(),getdate(),'Script',host_name(),getdate())
INSERT INTO Remetfu.REM_CATALOGO(CATALOGO_ID,TIPO_CATALOGO_ID,NOMBRE,ESTADO,USUARIO_CREACION,TERMINAL_CREACION,FECHA_CREACION,USUARIO_MODIFICACION,TERMINAL_MODIFICACION,FECHA_MODIFICACION) VALUES(86,13,'DENTRO DE LA CASA','ACT','Script',host_name(),getdate(),'Script',host_name(),getdate())
INSERT INTO Remetfu.REM_CATALOGO(CATALOGO_ID,TIPO_CATALOGO_ID,NOMBRE,ESTADO,USUARIO_CREACION,TERMINAL_CREACION,FECHA_CREACION,USUARIO_MODIFICACION,TERMINAL_MODIFICACION,FECHA_MODIFICACION) VALUES(87,13,'FUERA DEL PREDIO(CALLE)','ACT','Script',host_name(),getdate(),'Script',host_name(),getdate())
INSERT INTO Remetfu.REM_CATALOGO(CATALOGO_ID,TIPO_CATALOGO_ID,NOMBRE,ESTADO,USUARIO_CREACION,TERMINAL_CREACION,FECHA_CREACION,USUARIO_MODIFICACION,TERMINAL_MODIFICACION,FECHA_MODIFICACION) VALUES(88,13,'TERRAZA','ACT','Script',host_name(),getdate(),'Script',host_name(),getdate())
INSERT INTO Remetfu.REM_CATALOGO(CATALOGO_ID,TIPO_CATALOGO_ID,NOMBRE,ESTADO,USUARIO_CREACION,TERMINAL_CREACION,FECHA_CREACION,USUARIO_MODIFICACION,TERMINAL_MODIFICACION,FECHA_MODIFICACION) VALUES(89,13,'PATIO-JARDIN CUBIERTO','ACT','Script',host_name(),getdate(),'Script',host_name(),getdate())
INSERT INTO Remetfu.REM_CATALOGO(CATALOGO_ID,TIPO_CATALOGO_ID,NOMBRE,ESTADO,USUARIO_CREACION,TERMINAL_CREACION,FECHA_CREACION,USUARIO_MODIFICACION,TERMINAL_MODIFICACION,FECHA_MODIFICACION) VALUES(90,13,'PATIO-JARDIN DESCUBIERTO','ACT','Script',host_name(),getdate(),'Script',host_name(),getdate())
INSERT INTO Remetfu.REM_CATALOGO(CATALOGO_ID,TIPO_CATALOGO_ID,NOMBRE,ESTADO,USUARIO_CREACION,TERMINAL_CREACION,FECHA_CREACION,USUARIO_MODIFICACION,TERMINAL_MODIFICACION,FECHA_MODIFICACION) VALUES(91,13,'OTROS','ACT','Script',host_name(),getdate(),'Script',host_name(),getdate())
INSERT INTO Remetfu.REM_CATALOGO(CATALOGO_ID,TIPO_CATALOGO_ID,NOMBRE,ESTADO,USUARIO_CREACION,TERMINAL_CREACION,FECHA_CREACION,USUARIO_MODIFICACION,TERMINAL_MODIFICACION,FECHA_MODIFICACION) VALUES(92,14,'CANINO','ACT','Script',host_name(),getdate(),'Script',host_name(),getdate())
INSERT INTO Remetfu.REM_CATALOGO(CATALOGO_ID,TIPO_CATALOGO_ID,NOMBRE,ESTADO,USUARIO_CREACION,TERMINAL_CREACION,FECHA_CREACION,USUARIO_MODIFICACION,TERMINAL_MODIFICACION,FECHA_MODIFICACION) VALUES(93,14,'FELINO','ACT','Script',host_name(),getdate(),'Script',host_name(),getdate())
INSERT INTO Remetfu.REM_CATALOGO(CATALOGO_ID,TIPO_CATALOGO_ID,NOMBRE,ESTADO,USUARIO_CREACION,TERMINAL_CREACION,FECHA_CREACION,USUARIO_MODIFICACION,TERMINAL_MODIFICACION,FECHA_MODIFICACION) VALUES(94,14,'CONEJO','ACT','Script',host_name(),getdate(),'Script',host_name(),getdate())
INSERT INTO Remetfu.REM_CATALOGO(CATALOGO_ID,TIPO_CATALOGO_ID,NOMBRE,ESTADO,USUARIO_CREACION,TERMINAL_CREACION,FECHA_CREACION,USUARIO_MODIFICACION,TERMINAL_MODIFICACION,FECHA_MODIFICACION) VALUES(95,14,'COBAYO(CUY/CONEJILLO DE INDIAS)','ACT','Script',host_name(),getdate(),'Script',host_name(),getdate())
INSERT INTO Remetfu.REM_CATALOGO(CATALOGO_ID,TIPO_CATALOGO_ID,NOMBRE,ESTADO,USUARIO_CREACION,TERMINAL_CREACION,FECHA_CREACION,USUARIO_MODIFICACION,TERMINAL_MODIFICACION,FECHA_MODIFICACION) VALUES(96,14,'PORCINO(CERDO)','ACT','Script',host_name(),getdate(),'Script',host_name(),getdate())
INSERT INTO Remetfu.REM_CATALOGO(CATALOGO_ID,TIPO_CATALOGO_ID,NOMBRE,ESTADO,USUARIO_CREACION,TERMINAL_CREACION,FECHA_CREACION,USUARIO_MODIFICACION,TERMINAL_MODIFICACION,FECHA_MODIFICACION) VALUES(97,14,'EQUINO(CABALLO)','ACT','Script',host_name(),getdate(),'Script',host_name(),getdate())
INSERT INTO Remetfu.REM_CATALOGO(CATALOGO_ID,TIPO_CATALOGO_ID,NOMBRE,ESTADO,USUARIO_CREACION,TERMINAL_CREACION,FECHA_CREACION,USUARIO_MODIFICACION,TERMINAL_MODIFICACION,FECHA_MODIFICACION) VALUES(98,14,'OTROS','ACT','Script',host_name(),getdate(),'Script',host_name(),getdate())
INSERT INTO Remetfu.REM_CATALOGO(CATALOGO_ID,TIPO_CATALOGO_ID,NOMBRE,ESTADO,USUARIO_CREACION,TERMINAL_CREACION,FECHA_CREACION,USUARIO_MODIFICACION,TERMINAL_MODIFICACION,FECHA_MODIFICACION) VALUES(99,15,'DE COMPAÑÍA','ACT','Script',host_name(),getdate(),'Script',host_name(),getdate())
INSERT INTO Remetfu.REM_CATALOGO(CATALOGO_ID,TIPO_CATALOGO_ID,NOMBRE,ESTADO,USUARIO_CREACION,TERMINAL_CREACION,FECHA_CREACION,USUARIO_MODIFICACION,TERMINAL_MODIFICACION,FECHA_MODIFICACION) VALUES(100,15,'DE ASISTENCIA (PARA PERSONAS CON CAPACIDADES DIFERENTES)','ACT','Script',host_name(),getdate(),'Script',host_name(),getdate())
INSERT INTO Remetfu.REM_CATALOGO(CATALOGO_ID,TIPO_CATALOGO_ID,NOMBRE,ESTADO,USUARIO_CREACION,TERMINAL_CREACION,FECHA_CREACION,USUARIO_MODIFICACION,TERMINAL_MODIFICACION,FECHA_MODIFICACION) VALUES(101,15,'DE SOPORTE EMOCIONAL (PARA PERSONAS CON CERTIFICADO MEDICO PSICOLOGICO O PSIQUIATRICO','ACT','Script',host_name(),getdate(),'Script',host_name(),getdate())
INSERT INTO Remetfu.REM_CATALOGO(CATALOGO_ID,TIPO_CATALOGO_ID,NOMBRE,ESTADO,USUARIO_CREACION,TERMINAL_CREACION,FECHA_CREACION,USUARIO_MODIFICACION,TERMINAL_MODIFICACION,FECHA_MODIFICACION) VALUES(102,15,'DE TRABAJO U OFICIO','ACT','Script',host_name(),getdate(),'Script',host_name(),getdate())
INSERT INTO Remetfu.REM_CATALOGO(CATALOGO_ID,TIPO_CATALOGO_ID,NOMBRE,ESTADO,USUARIO_CREACION,TERMINAL_CREACION,FECHA_CREACION,USUARIO_MODIFICACION,TERMINAL_MODIFICACION,FECHA_MODIFICACION) VALUES(103,15,'DE TERAPIA','ACT','Script',host_name(),getdate(),'Script',host_name(),getdate())
INSERT INTO Remetfu.REM_CATALOGO(CATALOGO_ID,TIPO_CATALOGO_ID,NOMBRE,ESTADO,USUARIO_CREACION,TERMINAL_CREACION,FECHA_CREACION,USUARIO_MODIFICACION,TERMINAL_MODIFICACION,FECHA_MODIFICACION) VALUES(104,15,'DE DEPORTE O COMPETENCIA','ACT','Script',host_name(),getdate(),'Script',host_name(),getdate())
INSERT INTO Remetfu.REM_CATALOGO(CATALOGO_ID,TIPO_CATALOGO_ID,NOMBRE,ESTADO,USUARIO_CREACION,TERMINAL_CREACION,FECHA_CREACION,USUARIO_MODIFICACION,TERMINAL_MODIFICACION,FECHA_MODIFICACION) VALUES(105,15,'DE EXPOSICION','ACT','Script',host_name(),getdate(),'Script',host_name(),getdate())
INSERT INTO Remetfu.REM_CATALOGO(CATALOGO_ID,TIPO_CATALOGO_ID,NOMBRE,ESTADO,USUARIO_CREACION,TERMINAL_CREACION,FECHA_CREACION,USUARIO_MODIFICACION,TERMINAL_MODIFICACION,FECHA_MODIFICACION) VALUES(106,15,'DE CRIA O REPRODUCCION','ACT','Script',host_name(),getdate(),'Script',host_name(),getdate())
INSERT INTO Remetfu.REM_CATALOGO(CATALOGO_ID,TIPO_CATALOGO_ID,NOMBRE,ESTADO,USUARIO_CREACION,TERMINAL_CREACION,FECHA_CREACION,USUARIO_MODIFICACION,TERMINAL_MODIFICACION,FECHA_MODIFICACION) VALUES(107,15,'DE REFUGIO O ALBERGUE','ACT','Script',host_name(),getdate(),'Script',host_name(),getdate())
INSERT INTO Remetfu.REM_CATALOGO(CATALOGO_ID,TIPO_CATALOGO_ID,NOMBRE,ESTADO,USUARIO_CREACION,TERMINAL_CREACION,FECHA_CREACION,USUARIO_MODIFICACION,TERMINAL_MODIFICACION,FECHA_MODIFICACION) VALUES(108,16,'REGALADO','ACT','Script',host_name(),getdate(),'Script',host_name(),getdate())
INSERT INTO Remetfu.REM_CATALOGO(CATALOGO_ID,TIPO_CATALOGO_ID,NOMBRE,ESTADO,USUARIO_CREACION,TERMINAL_CREACION,FECHA_CREACION,USUARIO_MODIFICACION,TERMINAL_MODIFICACION,FECHA_MODIFICACION) VALUES(109,16,'ADOPCION/RESCATE PROPIO','ACT','Script',host_name(),getdate(),'Script',host_name(),getdate())
INSERT INTO Remetfu.REM_CATALOGO(CATALOGO_ID,TIPO_CATALOGO_ID,NOMBRE,ESTADO,USUARIO_CREACION,TERMINAL_CREACION,FECHA_CREACION,USUARIO_MODIFICACION,TERMINAL_MODIFICACION,FECHA_MODIFICACION) VALUES(110,16,'GESTOR(ACTIVISTA INDEPENDIENTE)','ACT','Script',host_name(),getdate(),'Script',host_name(),getdate())
INSERT INTO Remetfu.REM_CATALOGO(CATALOGO_ID,TIPO_CATALOGO_ID,NOMBRE,ESTADO,USUARIO_CREACION,TERMINAL_CREACION,FECHA_CREACION,USUARIO_MODIFICACION,TERMINAL_MODIFICACION,FECHA_MODIFICACION) VALUES(111,16,'REFUGIO/ALBERGUE(CODIGO REMETFU DEL ALBERGUE)','ACT','Script',host_name(),getdate(),'Script',host_name(),getdate())
INSERT INTO Remetfu.REM_CATALOGO(CATALOGO_ID,TIPO_CATALOGO_ID,NOMBRE,ESTADO,USUARIO_CREACION,TERMINAL_CREACION,FECHA_CREACION,USUARIO_MODIFICACION,TERMINAL_MODIFICACION,FECHA_MODIFICACION) VALUES(112,16,'CRIADERO(CODIGO REMETFU DEL ESTABLECIMIENTO)','ACT','Script',host_name(),getdate(),'Script',host_name(),getdate())
INSERT INTO Remetfu.REM_CATALOGO(CATALOGO_ID,TIPO_CATALOGO_ID,NOMBRE,ESTADO,USUARIO_CREACION,TERMINAL_CREACION,FECHA_CREACION,USUARIO_MODIFICACION,TERMINAL_MODIFICACION,FECHA_MODIFICACION) VALUES(113,17,'ESTERILIZADO','ACT','Script',host_name(),getdate(),'Script',host_name(),getdate())
INSERT INTO Remetfu.REM_CATALOGO(CATALOGO_ID,TIPO_CATALOGO_ID,NOMBRE,ESTADO,USUARIO_CREACION,TERMINAL_CREACION,FECHA_CREACION,USUARIO_MODIFICACION,TERMINAL_MODIFICACION,FECHA_MODIFICACION) VALUES(114,17,'EN CELO','ACT','Script',host_name(),getdate(),'Script',host_name(),getdate())
INSERT INTO Remetfu.REM_CATALOGO(CATALOGO_ID,TIPO_CATALOGO_ID,NOMBRE,ESTADO,USUARIO_CREACION,TERMINAL_CREACION,FECHA_CREACION,USUARIO_MODIFICACION,TERMINAL_MODIFICACION,FECHA_MODIFICACION) VALUES(115,17,'GESTANTE','ACT','Script',host_name(),getdate(),'Script',host_name(),getdate())
INSERT INTO Remetfu.REM_CATALOGO(CATALOGO_ID,TIPO_CATALOGO_ID,NOMBRE,ESTADO,USUARIO_CREACION,TERMINAL_CREACION,FECHA_CREACION,USUARIO_MODIFICACION,TERMINAL_MODIFICACION,FECHA_MODIFICACION) VALUES(116,17,'EN LACTANCIA','ACT','Script',host_name(),getdate(),'Script',host_name(),getdate())
INSERT INTO Remetfu.REM_CATALOGO(CATALOGO_ID,TIPO_CATALOGO_ID,NOMBRE,ESTADO,USUARIO_CREACION,TERMINAL_CREACION,FECHA_CREACION,USUARIO_MODIFICACION,TERMINAL_MODIFICACION,FECHA_MODIFICACION) VALUES(117,17,'NO ESTERILIZADO','ACT','Script',host_name(),getdate(),'Script',host_name(),getdate())
INSERT INTO Remetfu.REM_CATALOGO(CATALOGO_ID,TIPO_CATALOGO_ID,NOMBRE,ESTADO,USUARIO_CREACION,TERMINAL_CREACION,FECHA_CREACION,USUARIO_MODIFICACION,TERMINAL_MODIFICACION,FECHA_MODIFICACION) VALUES(118,18,'COMPORTAMIENTO NORMAL','ACT','Script',host_name(),getdate(),'Script',host_name(),getdate())
INSERT INTO Remetfu.REM_CATALOGO(CATALOGO_ID,TIPO_CATALOGO_ID,NOMBRE,ESTADO,USUARIO_CREACION,TERMINAL_CREACION,FECHA_CREACION,USUARIO_MODIFICACION,TERMINAL_MODIFICACION,FECHA_MODIFICACION) VALUES(119,18,'PATOLOGIAS DE COMPORTAMIENTO MANEJABLES','ACT','Script',host_name(),getdate(),'Script',host_name(),getdate())
INSERT INTO Remetfu.REM_CATALOGO(CATALOGO_ID,TIPO_CATALOGO_ID,NOMBRE,ESTADO,USUARIO_CREACION,TERMINAL_CREACION,FECHA_CREACION,USUARIO_MODIFICACION,TERMINAL_MODIFICACION,FECHA_MODIFICACION) VALUES(120,18,'DIAGNOSTICADO COMO PELIGROSO','ACT','Script',host_name(),getdate(),'Script',host_name(),getdate())
INSERT INTO Remetfu.REM_CATALOGO(CATALOGO_ID,TIPO_CATALOGO_ID,NOMBRE,ESTADO,USUARIO_CREACION,TERMINAL_CREACION,FECHA_CREACION,USUARIO_MODIFICACION,TERMINAL_MODIFICACION,FECHA_MODIFICACION) VALUES(121,19,'ARETE','ACT','Script',host_name(),getdate(),'Script',host_name(),getdate())
INSERT INTO Remetfu.REM_CATALOGO(CATALOGO_ID,TIPO_CATALOGO_ID,NOMBRE,ESTADO,USUARIO_CREACION,TERMINAL_CREACION,FECHA_CREACION,USUARIO_MODIFICACION,TERMINAL_MODIFICACION,FECHA_MODIFICACION) VALUES(122,19,'NIP','ACT','Script',host_name(),getdate(),'Script',host_name(),getdate())
INSERT INTO Remetfu.REM_CATALOGO(CATALOGO_ID,TIPO_CATALOGO_ID,NOMBRE,ESTADO,USUARIO_CREACION,TERMINAL_CREACION,FECHA_CREACION,USUARIO_MODIFICACION,TERMINAL_MODIFICACION,FECHA_MODIFICACION) VALUES(123,19,'PLACA','ACT','Script',host_name(),getdate(),'Script',host_name(),getdate())
INSERT INTO Remetfu.REM_CATALOGO(CATALOGO_ID,TIPO_CATALOGO_ID,NOMBRE,ESTADO,USUARIO_CREACION,TERMINAL_CREACION,FECHA_CREACION,USUARIO_MODIFICACION,TERMINAL_MODIFICACION,FECHA_MODIFICACION) VALUES(124,19,'TATUAJE','ACT','Script',host_name(),getdate(),'Script',host_name(),getdate())
INSERT INTO Remetfu.REM_CATALOGO(CATALOGO_ID,TIPO_CATALOGO_ID,NOMBRE,ESTADO,USUARIO_CREACION,TERMINAL_CREACION,FECHA_CREACION,USUARIO_MODIFICACION,TERMINAL_MODIFICACION,FECHA_MODIFICACION) VALUES(125,19,'OTROS','ACT','Script',host_name(),getdate(),'Script',host_name(),getdate())
INSERT INTO Remetfu.REM_CATALOGO(CATALOGO_ID,TIPO_CATALOGO_ID,NOMBRE,ESTADO,USUARIO_CREACION,TERMINAL_CREACION,FECHA_CREACION,USUARIO_MODIFICACION,TERMINAL_MODIFICACION,FECHA_MODIFICACION) VALUES(126,20,'ANIMAL VAGABUNDO DE BARRIO','ACT','Script',host_name(),getdate(),'Script',host_name(),getdate())
INSERT INTO Remetfu.REM_CATALOGO(CATALOGO_ID,TIPO_CATALOGO_ID,NOMBRE,ESTADO,USUARIO_CREACION,TERMINAL_CREACION,FECHA_CREACION,USUARIO_MODIFICACION,TERMINAL_MODIFICACION,FECHA_MODIFICACION) VALUES(127,20,'ANIMAL VAGABUNDO DE PARQUE METROOLITANO ','ACT','Script',host_name(),getdate(),'Script',host_name(),getdate())
INSERT INTO Remetfu.REM_CATALOGO(CATALOGO_ID,TIPO_CATALOGO_ID,NOMBRE,ESTADO,USUARIO_CREACION,TERMINAL_CREACION,FECHA_CREACION,USUARIO_MODIFICACION,TERMINAL_MODIFICACION,FECHA_MODIFICACION) VALUES(128,20,'ANIMAL CON TUTOR EN CONDICION DE CALLE','ACT','Script',host_name(),getdate(),'Script',host_name(),getdate())
INSERT INTO Remetfu.REM_CATALOGO(CATALOGO_ID,TIPO_CATALOGO_ID,NOMBRE,ESTADO,USUARIO_CREACION,TERMINAL_CREACION,FECHA_CREACION,USUARIO_MODIFICACION,TERMINAL_MODIFICACION,FECHA_MODIFICACION) VALUES(129,20,'OTROS','ACT','Script',host_name(),getdate(),'Script',host_name(),getdate())
INSERT INTO Remetfu.REM_CATALOGO(CATALOGO_ID,TIPO_CATALOGO_ID,NOMBRE,ESTADO,USUARIO_CREACION,TERMINAL_CREACION,FECHA_CREACION,USUARIO_MODIFICACION,TERMINAL_MODIFICACION,FECHA_MODIFICACION) VALUES(130,21,'RETORNO','ACT','Script',host_name(),getdate(),'Script',host_name(),getdate())
INSERT INTO Remetfu.REM_CATALOGO(CATALOGO_ID,TIPO_CATALOGO_ID,NOMBRE,ESTADO,USUARIO_CREACION,TERMINAL_CREACION,FECHA_CREACION,USUARIO_MODIFICACION,TERMINAL_MODIFICACION,FECHA_MODIFICACION) VALUES(131,21,'EUTANASIA','ACT','Script',host_name(),getdate(),'Script',host_name(),getdate())
INSERT INTO Remetfu.REM_CATALOGO(CATALOGO_ID,TIPO_CATALOGO_ID,NOMBRE,ESTADO,USUARIO_CREACION,TERMINAL_CREACION,FECHA_CREACION,USUARIO_MODIFICACION,TERMINAL_MODIFICACION,FECHA_MODIFICACION) VALUES(132,21,'ADOPCION','ACT','Script',host_name(),getdate(),'Script',host_name(),getdate())
INSERT INTO Remetfu.REM_CATALOGO(CATALOGO_ID,TIPO_CATALOGO_ID,NOMBRE,ESTADO,USUARIO_CREACION,TERMINAL_CREACION,FECHA_CREACION,USUARIO_MODIFICACION,TERMINAL_MODIFICACION,FECHA_MODIFICACION) VALUES(133,21,'ENTREGA A ENTIDADES PROTECTORAS DE ANIMALES O GESTORES','ACT','Script',host_name(),getdate(),'Script',host_name(),getdate())
INSERT INTO Remetfu.REM_CATALOGO(CATALOGO_ID,TIPO_CATALOGO_ID,NOMBRE,ESTADO,USUARIO_CREACION,TERMINAL_CREACION,FECHA_CREACION,USUARIO_MODIFICACION,TERMINAL_MODIFICACION,FECHA_MODIFICACION) VALUES(134,21,'HOGAR TEMPORAL','ACT','Script',host_name(),getdate(),'Script',host_name(),getdate())
INSERT INTO Remetfu.REM_CATALOGO(CATALOGO_ID,TIPO_CATALOGO_ID,NOMBRE,ESTADO,USUARIO_CREACION,TERMINAL_CREACION,FECHA_CREACION,USUARIO_MODIFICACION,TERMINAL_MODIFICACION,FECHA_MODIFICACION) VALUES(135,22,'PERROS','ACT','Script',host_name(),getdate(),'Script',host_name(),getdate())
INSERT INTO Remetfu.REM_CATALOGO(CATALOGO_ID,TIPO_CATALOGO_ID,NOMBRE,ESTADO,USUARIO_CREACION,TERMINAL_CREACION,FECHA_CREACION,USUARIO_MODIFICACION,TERMINAL_MODIFICACION,FECHA_MODIFICACION) VALUES(136,22,'MESTIZO','ACT','Script',host_name(),getdate(),'Script',host_name(),getdate())
INSERT INTO Remetfu.REM_CATALOGO(CATALOGO_ID,TIPO_CATALOGO_ID,NOMBRE,ESTADO,USUARIO_CREACION,TERMINAL_CREACION,FECHA_CREACION,USUARIO_MODIFICACION,TERMINAL_MODIFICACION,FECHA_MODIFICACION) VALUES(137,22,'PASTOR ALEMAN','ACT','Script',host_name(),getdate(),'Script',host_name(),getdate())
INSERT INTO Remetfu.REM_CATALOGO(CATALOGO_ID,TIPO_CATALOGO_ID,NOMBRE,ESTADO,USUARIO_CREACION,TERMINAL_CREACION,FECHA_CREACION,USUARIO_MODIFICACION,TERMINAL_MODIFICACION,FECHA_MODIFICACION) VALUES(138,22,'BULLDOG','ACT','Script',host_name(),getdate(),'Script',host_name(),getdate())
INSERT INTO Remetfu.REM_CATALOGO(CATALOGO_ID,TIPO_CATALOGO_ID,NOMBRE,ESTADO,USUARIO_CREACION,TERMINAL_CREACION,FECHA_CREACION,USUARIO_MODIFICACION,TERMINAL_MODIFICACION,FECHA_MODIFICACION) VALUES(139,22,'LABRADOR','ACT','Script',host_name(),getdate(),'Script',host_name(),getdate())
INSERT INTO Remetfu.REM_CATALOGO(CATALOGO_ID,TIPO_CATALOGO_ID,NOMBRE,ESTADO,USUARIO_CREACION,TERMINAL_CREACION,FECHA_CREACION,USUARIO_MODIFICACION,TERMINAL_MODIFICACION,FECHA_MODIFICACION) VALUES(140,22,'FRENCH POODLE','ACT','Script',host_name(),getdate(),'Script',host_name(),getdate())
INSERT INTO Remetfu.REM_CATALOGO(CATALOGO_ID,TIPO_CATALOGO_ID,NOMBRE,ESTADO,USUARIO_CREACION,TERMINAL_CREACION,FECHA_CREACION,USUARIO_MODIFICACION,TERMINAL_MODIFICACION,FECHA_MODIFICACION) VALUES(141,22,'BEAGLE','ACT','Script',host_name(),getdate(),'Script',host_name(),getdate())
INSERT INTO Remetfu.REM_CATALOGO(CATALOGO_ID,TIPO_CATALOGO_ID,NOMBRE,ESTADO,USUARIO_CREACION,TERMINAL_CREACION,FECHA_CREACION,USUARIO_MODIFICACION,TERMINAL_MODIFICACION,FECHA_MODIFICACION) VALUES(142,22,'GOLDEN RETRIEVER','ACT','Script',host_name(),getdate(),'Script',host_name(),getdate())
INSERT INTO Remetfu.REM_CATALOGO(CATALOGO_ID,TIPO_CATALOGO_ID,NOMBRE,ESTADO,USUARIO_CREACION,TERMINAL_CREACION,FECHA_CREACION,USUARIO_MODIFICACION,TERMINAL_MODIFICACION,FECHA_MODIFICACION) VALUES(143,22,'CHIHUAHUA','ACT','Script',host_name(),getdate(),'Script',host_name(),getdate())
INSERT INTO Remetfu.REM_CATALOGO(CATALOGO_ID,TIPO_CATALOGO_ID,NOMBRE,ESTADO,USUARIO_CREACION,TERMINAL_CREACION,FECHA_CREACION,USUARIO_MODIFICACION,TERMINAL_MODIFICACION,FECHA_MODIFICACION) VALUES(144,22,'SHITH TZU','ACT','Script',host_name(),getdate(),'Script',host_name(),getdate())
INSERT INTO Remetfu.REM_CATALOGO(CATALOGO_ID,TIPO_CATALOGO_ID,NOMBRE,ESTADO,USUARIO_CREACION,TERMINAL_CREACION,FECHA_CREACION,USUARIO_MODIFICACION,TERMINAL_MODIFICACION,FECHA_MODIFICACION) VALUES(145,22,'GRAN DANES','ACT','Script',host_name(),getdate(),'Script',host_name(),getdate())
INSERT INTO Remetfu.REM_CATALOGO(CATALOGO_ID,TIPO_CATALOGO_ID,NOMBRE,ESTADO,USUARIO_CREACION,TERMINAL_CREACION,FECHA_CREACION,USUARIO_MODIFICACION,TERMINAL_MODIFICACION,FECHA_MODIFICACION) VALUES(146,22,'PITBULL','ACT','Script',host_name(),getdate(),'Script',host_name(),getdate())
INSERT INTO Remetfu.REM_CATALOGO(CATALOGO_ID,TIPO_CATALOGO_ID,NOMBRE,ESTADO,USUARIO_CREACION,TERMINAL_CREACION,FECHA_CREACION,USUARIO_MODIFICACION,TERMINAL_MODIFICACION,FECHA_MODIFICACION) VALUES(147,22,'PEKINES','ACT','Script',host_name(),getdate(),'Script',host_name(),getdate())
INSERT INTO Remetfu.REM_CATALOGO(CATALOGO_ID,TIPO_CATALOGO_ID,NOMBRE,ESTADO,USUARIO_CREACION,TERMINAL_CREACION,FECHA_CREACION,USUARIO_MODIFICACION,TERMINAL_MODIFICACION,FECHA_MODIFICACION) VALUES(148,22,'SAN BERNARDO','ACT','Script',host_name(),getdate(),'Script',host_name(),getdate())
INSERT INTO Remetfu.REM_CATALOGO(CATALOGO_ID,TIPO_CATALOGO_ID,NOMBRE,ESTADO,USUARIO_CREACION,TERMINAL_CREACION,FECHA_CREACION,USUARIO_MODIFICACION,TERMINAL_MODIFICACION,FECHA_MODIFICACION) VALUES(149,22,'DALMATA','ACT','Script',host_name(),getdate(),'Script',host_name(),getdate())
INSERT INTO Remetfu.REM_CATALOGO(CATALOGO_ID,TIPO_CATALOGO_ID,NOMBRE,ESTADO,USUARIO_CREACION,TERMINAL_CREACION,FECHA_CREACION,USUARIO_MODIFICACION,TERMINAL_MODIFICACION,FECHA_MODIFICACION) VALUES(150,22,'SAMOYEDO','ACT','Script',host_name(),getdate(),'Script',host_name(),getdate())
INSERT INTO Remetfu.REM_CATALOGO(CATALOGO_ID,TIPO_CATALOGO_ID,NOMBRE,ESTADO,USUARIO_CREACION,TERMINAL_CREACION,FECHA_CREACION,USUARIO_MODIFICACION,TERMINAL_MODIFICACION,FECHA_MODIFICACION) VALUES(151,22,'PINSCHER','ACT','Script',host_name(),getdate(),'Script',host_name(),getdate())
INSERT INTO Remetfu.REM_CATALOGO(CATALOGO_ID,TIPO_CATALOGO_ID,NOMBRE,ESTADO,USUARIO_CREACION,TERMINAL_CREACION,FECHA_CREACION,USUARIO_MODIFICACION,TERMINAL_MODIFICACION,FECHA_MODIFICACION) VALUES(152,22,'COCKER SPANIEL','ACT','Script',host_name(),getdate(),'Script',host_name(),getdate())
INSERT INTO Remetfu.REM_CATALOGO(CATALOGO_ID,TIPO_CATALOGO_ID,NOMBRE,ESTADO,USUARIO_CREACION,TERMINAL_CREACION,FECHA_CREACION,USUARIO_MODIFICACION,TERMINAL_MODIFICACION,FECHA_MODIFICACION) VALUES(153,22,'SHAR PEI','ACT','Script',host_name(),getdate(),'Script',host_name(),getdate())
INSERT INTO Remetfu.REM_CATALOGO(CATALOGO_ID,TIPO_CATALOGO_ID,NOMBRE,ESTADO,USUARIO_CREACION,TERMINAL_CREACION,FECHA_CREACION,USUARIO_MODIFICACION,TERMINAL_MODIFICACION,FECHA_MODIFICACION) VALUES(154,22,'SCHNAUZER','ACT','Script',host_name(),getdate(),'Script',host_name(),getdate())
INSERT INTO Remetfu.REM_CATALOGO(CATALOGO_ID,TIPO_CATALOGO_ID,NOMBRE,ESTADO,USUARIO_CREACION,TERMINAL_CREACION,FECHA_CREACION,USUARIO_MODIFICACION,TERMINAL_MODIFICACION,FECHA_MODIFICACION) VALUES(155,22,'DACHSHUND','ACT','Script',host_name(),getdate(),'Script',host_name(),getdate())
INSERT INTO Remetfu.REM_CATALOGO(CATALOGO_ID,TIPO_CATALOGO_ID,NOMBRE,ESTADO,USUARIO_CREACION,TERMINAL_CREACION,FECHA_CREACION,USUARIO_MODIFICACION,TERMINAL_MODIFICACION,FECHA_MODIFICACION) VALUES(156,22,'PUG','ACT','Script',host_name(),getdate(),'Script',host_name(),getdate())
INSERT INTO Remetfu.REM_CATALOGO(CATALOGO_ID,TIPO_CATALOGO_ID,NOMBRE,ESTADO,USUARIO_CREACION,TERMINAL_CREACION,FECHA_CREACION,USUARIO_MODIFICACION,TERMINAL_MODIFICACION,FECHA_MODIFICACION) VALUES(157,22,'ROTTWEILER','ACT','Script',host_name(),getdate(),'Script',host_name(),getdate())
INSERT INTO Remetfu.REM_CATALOGO(CATALOGO_ID,TIPO_CATALOGO_ID,NOMBRE,ESTADO,USUARIO_CREACION,TERMINAL_CREACION,FECHA_CREACION,USUARIO_MODIFICACION,TERMINAL_MODIFICACION,FECHA_MODIFICACION) VALUES(158,22,'HUSKY SIBERIANO','ACT','Script',host_name(),getdate(),'Script',host_name(),getdate())
INSERT INTO Remetfu.REM_CATALOGO(CATALOGO_ID,TIPO_CATALOGO_ID,NOMBRE,ESTADO,USUARIO_CREACION,TERMINAL_CREACION,FECHA_CREACION,USUARIO_MODIFICACION,TERMINAL_MODIFICACION,FECHA_MODIFICACION) VALUES(159,22,'AKITA','ACT','Script',host_name(),getdate(),'Script',host_name(),getdate())
INSERT INTO Remetfu.REM_CATALOGO(CATALOGO_ID,TIPO_CATALOGO_ID,NOMBRE,ESTADO,USUARIO_CREACION,TERMINAL_CREACION,FECHA_CREACION,USUARIO_MODIFICACION,TERMINAL_MODIFICACION,FECHA_MODIFICACION) VALUES(160,22,'AMERICAN BULLY','ACT','Script',host_name(),getdate(),'Script',host_name(),getdate())
INSERT INTO Remetfu.REM_CATALOGO(CATALOGO_ID,TIPO_CATALOGO_ID,NOMBRE,ESTADO,USUARIO_CREACION,TERMINAL_CREACION,FECHA_CREACION,USUARIO_MODIFICACION,TERMINAL_MODIFICACION,FECHA_MODIFICACION) VALUES(161,22,'SHORKIE','ACT','Script',host_name(),getdate(),'Script',host_name(),getdate())
INSERT INTO Remetfu.REM_CATALOGO(CATALOGO_ID,TIPO_CATALOGO_ID,NOMBRE,ESTADO,USUARIO_CREACION,TERMINAL_CREACION,FECHA_CREACION,USUARIO_MODIFICACION,TERMINAL_MODIFICACION,FECHA_MODIFICACION) VALUES(162,22,'BORDER COLLIE','ACT','Script',host_name(),getdate(),'Script',host_name(),getdate())
INSERT INTO Remetfu.REM_CATALOGO(CATALOGO_ID,TIPO_CATALOGO_ID,NOMBRE,ESTADO,USUARIO_CREACION,TERMINAL_CREACION,FECHA_CREACION,USUARIO_MODIFICACION,TERMINAL_MODIFICACION,FECHA_MODIFICACION) VALUES(163,22,'YORKIE','ACT','Script',host_name(),getdate(),'Script',host_name(),getdate())
INSERT INTO Remetfu.REM_CATALOGO(CATALOGO_ID,TIPO_CATALOGO_ID,NOMBRE,ESTADO,USUARIO_CREACION,TERMINAL_CREACION,FECHA_CREACION,USUARIO_MODIFICACION,TERMINAL_MODIFICACION,FECHA_MODIFICACION) VALUES(164,22,'MASTIN NAPOLITANO','ACT','Script',host_name(),getdate(),'Script',host_name(),getdate())
INSERT INTO Remetfu.REM_CATALOGO(CATALOGO_ID,TIPO_CATALOGO_ID,NOMBRE,ESTADO,USUARIO_CREACION,TERMINAL_CREACION,FECHA_CREACION,USUARIO_MODIFICACION,TERMINAL_MODIFICACION,FECHA_MODIFICACION) VALUES(165,22,'BOXER','ACT','Script',host_name(),getdate(),'Script',host_name(),getdate())
INSERT INTO Remetfu.REM_CATALOGO(CATALOGO_ID,TIPO_CATALOGO_ID,NOMBRE,ESTADO,USUARIO_CREACION,TERMINAL_CREACION,FECHA_CREACION,USUARIO_MODIFICACION,TERMINAL_MODIFICACION,FECHA_MODIFICACION) VALUES(166,22,'BULL TERRIER','ACT','Script',host_name(),getdate(),'Script',host_name(),getdate())
INSERT INTO Remetfu.REM_CATALOGO(CATALOGO_ID,TIPO_CATALOGO_ID,NOMBRE,ESTADO,USUARIO_CREACION,TERMINAL_CREACION,FECHA_CREACION,USUARIO_MODIFICACION,TERMINAL_MODIFICACION,FECHA_MODIFICACION) VALUES(167,22,'CHOW CHOW','ACT','Script',host_name(),getdate(),'Script',host_name(),getdate())
INSERT INTO Remetfu.REM_CATALOGO(CATALOGO_ID,TIPO_CATALOGO_ID,NOMBRE,ESTADO,USUARIO_CREACION,TERMINAL_CREACION,FECHA_CREACION,USUARIO_MODIFICACION,TERMINAL_MODIFICACION,FECHA_MODIFICACION) VALUES(168,22,'SAMOYEDO','ACT','Script',host_name(),getdate(),'Script',host_name(),getdate())
INSERT INTO Remetfu.REM_CATALOGO(CATALOGO_ID,TIPO_CATALOGO_ID,NOMBRE,ESTADO,USUARIO_CREACION,TERMINAL_CREACION,FECHA_CREACION,USUARIO_MODIFICACION,TERMINAL_MODIFICACION,FECHA_MODIFICACION) VALUES(169,22,'OTROS','ACT','Script',host_name(),getdate(),'Script',host_name(),getdate())
INSERT INTO Remetfu.REM_CATALOGO(CATALOGO_ID,TIPO_CATALOGO_ID,NOMBRE,ESTADO,USUARIO_CREACION,TERMINAL_CREACION,FECHA_CREACION,USUARIO_MODIFICACION,TERMINAL_MODIFICACION,FECHA_MODIFICACION) VALUES(170,22,'GATOS','ACT','Script',host_name(),getdate(),'Script',host_name(),getdate())
INSERT INTO Remetfu.REM_CATALOGO(CATALOGO_ID,TIPO_CATALOGO_ID,NOMBRE,ESTADO,USUARIO_CREACION,TERMINAL_CREACION,FECHA_CREACION,USUARIO_MODIFICACION,TERMINAL_MODIFICACION,FECHA_MODIFICACION) VALUES(171,22,'MESTIZO','ACT','Script',host_name(),getdate(),'Script',host_name(),getdate())
INSERT INTO Remetfu.REM_CATALOGO(CATALOGO_ID,TIPO_CATALOGO_ID,NOMBRE,ESTADO,USUARIO_CREACION,TERMINAL_CREACION,FECHA_CREACION,USUARIO_MODIFICACION,TERMINAL_MODIFICACION,FECHA_MODIFICACION) VALUES(172,22,'PERSA','ACT','Script',host_name(),getdate(),'Script',host_name(),getdate())
INSERT INTO Remetfu.REM_CATALOGO(CATALOGO_ID,TIPO_CATALOGO_ID,NOMBRE,ESTADO,USUARIO_CREACION,TERMINAL_CREACION,FECHA_CREACION,USUARIO_MODIFICACION,TERMINAL_MODIFICACION,FECHA_MODIFICACION) VALUES(173,22,'SIAMES','ACT','Script',host_name(),getdate(),'Script',host_name(),getdate())
INSERT INTO Remetfu.REM_CATALOGO(CATALOGO_ID,TIPO_CATALOGO_ID,NOMBRE,ESTADO,USUARIO_CREACION,TERMINAL_CREACION,FECHA_CREACION,USUARIO_MODIFICACION,TERMINAL_MODIFICACION,FECHA_MODIFICACION) VALUES(174,22,'BRITISH SHORTHAIR','ACT','Script',host_name(),getdate(),'Script',host_name(),getdate())
INSERT INTO Remetfu.REM_CATALOGO(CATALOGO_ID,TIPO_CATALOGO_ID,NOMBRE,ESTADO,USUARIO_CREACION,TERMINAL_CREACION,FECHA_CREACION,USUARIO_MODIFICACION,TERMINAL_MODIFICACION,FECHA_MODIFICACION) VALUES(175,22,'RAGDOLL','ACT','Script',host_name(),getdate(),'Script',host_name(),getdate())
INSERT INTO Remetfu.REM_CATALOGO(CATALOGO_ID,TIPO_CATALOGO_ID,NOMBRE,ESTADO,USUARIO_CREACION,TERMINAL_CREACION,FECHA_CREACION,USUARIO_MODIFICACION,TERMINAL_MODIFICACION,FECHA_MODIFICACION) VALUES(176,22,'BURMES','ACT','Script',host_name(),getdate(),'Script',host_name(),getdate())
INSERT INTO Remetfu.REM_CATALOGO(CATALOGO_ID,TIPO_CATALOGO_ID,NOMBRE,ESTADO,USUARIO_CREACION,TERMINAL_CREACION,FECHA_CREACION,USUARIO_MODIFICACION,TERMINAL_MODIFICACION,FECHA_MODIFICACION) VALUES(177,22,'ANGORA','ACT','Script',host_name(),getdate(),'Script',host_name(),getdate())
INSERT INTO Remetfu.REM_CATALOGO(CATALOGO_ID,TIPO_CATALOGO_ID,NOMBRE,ESTADO,USUARIO_CREACION,TERMINAL_CREACION,FECHA_CREACION,USUARIO_MODIFICACION,TERMINAL_MODIFICACION,FECHA_MODIFICACION) VALUES(178,22,'SIBERIANO','ACT','Script',host_name(),getdate(),'Script',host_name(),getdate())
INSERT INTO Remetfu.REM_CATALOGO(CATALOGO_ID,TIPO_CATALOGO_ID,NOMBRE,ESTADO,USUARIO_CREACION,TERMINAL_CREACION,FECHA_CREACION,USUARIO_MODIFICACION,TERMINAL_MODIFICACION,FECHA_MODIFICACION) VALUES(179,22,'OTROS','ACT','Script',host_name(),getdate(),'Script',host_name(),getdate())
INSERT INTO Remetfu.REM_CATALOGO(CATALOGO_ID,TIPO_CATALOGO_ID,NOMBRE,ESTADO,USUARIO_CREACION,TERMINAL_CREACION,FECHA_CREACION,USUARIO_MODIFICACION,TERMINAL_MODIFICACION,FECHA_MODIFICACION) VALUES(180,22,'NO APLICA','ACT','Script',host_name(),getdate(),'Script',host_name(),getdate())
INSERT INTO Remetfu.REM_CATALOGO(CATALOGO_ID,TIPO_CATALOGO_ID,NOMBRE,ESTADO,USUARIO_CREACION,TERMINAL_CREACION,FECHA_CREACION,USUARIO_MODIFICACION,TERMINAL_MODIFICACION,FECHA_MODIFICACION) VALUES(181,23,'ATIGRADO','ACT','Script',host_name(),getdate(),'Script',host_name(),getdate())
INSERT INTO Remetfu.REM_CATALOGO(CATALOGO_ID,TIPO_CATALOGO_ID,NOMBRE,ESTADO,USUARIO_CREACION,TERMINAL_CREACION,FECHA_CREACION,USUARIO_MODIFICACION,TERMINAL_MODIFICACION,FECHA_MODIFICACION) VALUES(182,23,'AMARILLO','ACT','Script',host_name(),getdate(),'Script',host_name(),getdate())
INSERT INTO Remetfu.REM_CATALOGO(CATALOGO_ID,TIPO_CATALOGO_ID,NOMBRE,ESTADO,USUARIO_CREACION,TERMINAL_CREACION,FECHA_CREACION,USUARIO_MODIFICACION,TERMINAL_MODIFICACION,FECHA_MODIFICACION) VALUES(183,23,'BLANCO','ACT','Script',host_name(),getdate(),'Script',host_name(),getdate())
INSERT INTO Remetfu.REM_CATALOGO(CATALOGO_ID,TIPO_CATALOGO_ID,NOMBRE,ESTADO,USUARIO_CREACION,TERMINAL_CREACION,FECHA_CREACION,USUARIO_MODIFICACION,TERMINAL_MODIFICACION,FECHA_MODIFICACION) VALUES(184,23,'CAFÉ','ACT','Script',host_name(),getdate(),'Script',host_name(),getdate())
INSERT INTO Remetfu.REM_CATALOGO(CATALOGO_ID,TIPO_CATALOGO_ID,NOMBRE,ESTADO,USUARIO_CREACION,TERMINAL_CREACION,FECHA_CREACION,USUARIO_MODIFICACION,TERMINAL_MODIFICACION,FECHA_MODIFICACION) VALUES(185,23,'CHOCOLATE','ACT','Script',host_name(),getdate(),'Script',host_name(),getdate())
INSERT INTO Remetfu.REM_CATALOGO(CATALOGO_ID,TIPO_CATALOGO_ID,NOMBRE,ESTADO,USUARIO_CREACION,TERMINAL_CREACION,FECHA_CREACION,USUARIO_MODIFICACION,TERMINAL_MODIFICACION,FECHA_MODIFICACION) VALUES(186,23,'DORADO','ACT','Script',host_name(),getdate(),'Script',host_name(),getdate())
INSERT INTO Remetfu.REM_CATALOGO(CATALOGO_ID,TIPO_CATALOGO_ID,NOMBRE,ESTADO,USUARIO_CREACION,TERMINAL_CREACION,FECHA_CREACION,USUARIO_MODIFICACION,TERMINAL_MODIFICACION,FECHA_MODIFICACION) VALUES(187,23,'GRIS','ACT','Script',host_name(),getdate(),'Script',host_name(),getdate())
INSERT INTO Remetfu.REM_CATALOGO(CATALOGO_ID,TIPO_CATALOGO_ID,NOMBRE,ESTADO,USUARIO_CREACION,TERMINAL_CREACION,FECHA_CREACION,USUARIO_MODIFICACION,TERMINAL_MODIFICACION,FECHA_MODIFICACION) VALUES(188,23,'NEGRO','ACT','Script',host_name(),getdate(),'Script',host_name(),getdate())
INSERT INTO Remetfu.REM_CATALOGO(CATALOGO_ID,TIPO_CATALOGO_ID,NOMBRE,ESTADO,USUARIO_CREACION,TERMINAL_CREACION,FECHA_CREACION,USUARIO_MODIFICACION,TERMINAL_MODIFICACION,FECHA_MODIFICACION) VALUES(189,23,'SAL Y PIMIENTA','ACT','Script',host_name(),getdate(),'Script',host_name(),getdate())
INSERT INTO Remetfu.REM_CATALOGO(CATALOGO_ID,TIPO_CATALOGO_ID,NOMBRE,ESTADO,USUARIO_CREACION,TERMINAL_CREACION,FECHA_CREACION,USUARIO_MODIFICACION,TERMINAL_MODIFICACION,FECHA_MODIFICACION) VALUES(190,24,'ATIGRADO','ACT','Script',host_name(),getdate(),'Script',host_name(),getdate())
INSERT INTO Remetfu.REM_CATALOGO(CATALOGO_ID,TIPO_CATALOGO_ID,NOMBRE,ESTADO,USUARIO_CREACION,TERMINAL_CREACION,FECHA_CREACION,USUARIO_MODIFICACION,TERMINAL_MODIFICACION,FECHA_MODIFICACION) VALUES(191,24,'AMARILLO','ACT','Script',host_name(),getdate(),'Script',host_name(),getdate())
INSERT INTO Remetfu.REM_CATALOGO(CATALOGO_ID,TIPO_CATALOGO_ID,NOMBRE,ESTADO,USUARIO_CREACION,TERMINAL_CREACION,FECHA_CREACION,USUARIO_MODIFICACION,TERMINAL_MODIFICACION,FECHA_MODIFICACION) VALUES(192,24,'BLANCO','ACT','Script',host_name(),getdate(),'Script',host_name(),getdate())
INSERT INTO Remetfu.REM_CATALOGO(CATALOGO_ID,TIPO_CATALOGO_ID,NOMBRE,ESTADO,USUARIO_CREACION,TERMINAL_CREACION,FECHA_CREACION,USUARIO_MODIFICACION,TERMINAL_MODIFICACION,FECHA_MODIFICACION) VALUES(193,24,'CAFÉ','ACT','Script',host_name(),getdate(),'Script',host_name(),getdate())
INSERT INTO Remetfu.REM_CATALOGO(CATALOGO_ID,TIPO_CATALOGO_ID,NOMBRE,ESTADO,USUARIO_CREACION,TERMINAL_CREACION,FECHA_CREACION,USUARIO_MODIFICACION,TERMINAL_MODIFICACION,FECHA_MODIFICACION) VALUES(194,24,'CHOCOLATE','ACT','Script',host_name(),getdate(),'Script',host_name(),getdate())
INSERT INTO Remetfu.REM_CATALOGO(CATALOGO_ID,TIPO_CATALOGO_ID,NOMBRE,ESTADO,USUARIO_CREACION,TERMINAL_CREACION,FECHA_CREACION,USUARIO_MODIFICACION,TERMINAL_MODIFICACION,FECHA_MODIFICACION) VALUES(195,24,'DORADO','ACT','Script',host_name(),getdate(),'Script',host_name(),getdate())
INSERT INTO Remetfu.REM_CATALOGO(CATALOGO_ID,TIPO_CATALOGO_ID,NOMBRE,ESTADO,USUARIO_CREACION,TERMINAL_CREACION,FECHA_CREACION,USUARIO_MODIFICACION,TERMINAL_MODIFICACION,FECHA_MODIFICACION) VALUES(196,24,'GRIS','ACT','Script',host_name(),getdate(),'Script',host_name(),getdate())
INSERT INTO Remetfu.REM_CATALOGO(CATALOGO_ID,TIPO_CATALOGO_ID,NOMBRE,ESTADO,USUARIO_CREACION,TERMINAL_CREACION,FECHA_CREACION,USUARIO_MODIFICACION,TERMINAL_MODIFICACION,FECHA_MODIFICACION) VALUES(197,24,'NEGRO','ACT','Script',host_name(),getdate(),'Script',host_name(),getdate())
INSERT INTO Remetfu.REM_CATALOGO(CATALOGO_ID,TIPO_CATALOGO_ID,NOMBRE,ESTADO,USUARIO_CREACION,TERMINAL_CREACION,FECHA_CREACION,USUARIO_MODIFICACION,TERMINAL_MODIFICACION,FECHA_MODIFICACION) VALUES(198,24,'SAL Y PIMIENTA','ACT','Script',host_name(),getdate(),'Script',host_name(),getdate())
INSERT INTO Remetfu.REM_CATALOGO(CATALOGO_ID,TIPO_CATALOGO_ID,NOMBRE,ESTADO,USUARIO_CREACION,TERMINAL_CREACION,FECHA_CREACION,USUARIO_MODIFICACION,TERMINAL_MODIFICACION,FECHA_MODIFICACION) VALUES(199,24,'NO APLICA','ACT','Script',host_name(),getdate(),'Script',host_name(),getdate())
INSERT INTO Remetfu.REM_CATALOGO(CATALOGO_ID,TIPO_CATALOGO_ID,NOMBRE,ESTADO,USUARIO_CREACION,TERMINAL_CREACION,FECHA_CREACION,USUARIO_MODIFICACION,TERMINAL_MODIFICACION,FECHA_MODIFICACION) VALUES(200,25,'POR OFICIO','ACT','Script',host_name(),getdate(),'Script',host_name(),getdate())
INSERT INTO Remetfu.REM_CATALOGO(CATALOGO_ID,TIPO_CATALOGO_ID,NOMBRE,ESTADO,USUARIO_CREACION,TERMINAL_CREACION,FECHA_CREACION,USUARIO_MODIFICACION,TERMINAL_MODIFICACION,FECHA_MODIFICACION) VALUES(201,25,'ORDEN JERARQUICO SUPERIOR/PETICION','ACT','Script',host_name(),getdate(),'Script',host_name(),getdate())
INSERT INTO Remetfu.REM_CATALOGO(CATALOGO_ID,TIPO_CATALOGO_ID,NOMBRE,ESTADO,USUARIO_CREACION,TERMINAL_CREACION,FECHA_CREACION,USUARIO_MODIFICACION,TERMINAL_MODIFICACION,FECHA_MODIFICACION) VALUES(202,25,'OTROS ORGANOS METROPOLITANOS O PUBLICOS','ACT','Script',host_name(),getdate(),'Script',host_name(),getdate())
INSERT INTO Remetfu.REM_CATALOGO(CATALOGO_ID,TIPO_CATALOGO_ID,NOMBRE,ESTADO,USUARIO_CREACION,TERMINAL_CREACION,FECHA_CREACION,USUARIO_MODIFICACION,TERMINAL_MODIFICACION,FECHA_MODIFICACION) VALUES(203,25,'SOLICITUD DE LA PARTE INTERESADA','ACT','Script',host_name(),getdate(),'Script',host_name(),getdate())
INSERT INTO Remetfu.REM_CATALOGO(CATALOGO_ID,TIPO_CATALOGO_ID,NOMBRE,ESTADO,USUARIO_CREACION,TERMINAL_CREACION,FECHA_CREACION,USUARIO_MODIFICACION,TERMINAL_MODIFICACION,FECHA_MODIFICACION) VALUES(204,26,'ATROPELLAMIENTO','ACT','Script',host_name(),getdate(),'Script',host_name(),getdate())
INSERT INTO Remetfu.REM_CATALOGO(CATALOGO_ID,TIPO_CATALOGO_ID,NOMBRE,ESTADO,USUARIO_CREACION,TERMINAL_CREACION,FECHA_CREACION,USUARIO_MODIFICACION,TERMINAL_MODIFICACION,FECHA_MODIFICACION) VALUES(205,26,'TRAUMAS(GOLPES CONTUNDENTES, CAIDAS, ETC)','ACT','Script',host_name(),getdate(),'Script',host_name(),getdate())
INSERT INTO Remetfu.REM_CATALOGO(CATALOGO_ID,TIPO_CATALOGO_ID,NOMBRE,ESTADO,USUARIO_CREACION,TERMINAL_CREACION,FECHA_CREACION,USUARIO_MODIFICACION,TERMINAL_MODIFICACION,FECHA_MODIFICACION) VALUES(206,26,'ENFERMEDADES','ACT','Script',host_name(),getdate(),'Script',host_name(),getdate())
INSERT INTO Remetfu.REM_CATALOGO(CATALOGO_ID,TIPO_CATALOGO_ID,NOMBRE,ESTADO,USUARIO_CREACION,TERMINAL_CREACION,FECHA_CREACION,USUARIO_MODIFICACION,TERMINAL_MODIFICACION,FECHA_MODIFICACION) VALUES(207,26,'ENVENENAMIENTO','ACT','Script',host_name(),getdate(),'Script',host_name(),getdate())
INSERT INTO Remetfu.REM_CATALOGO(CATALOGO_ID,TIPO_CATALOGO_ID,NOMBRE,ESTADO,USUARIO_CREACION,TERMINAL_CREACION,FECHA_CREACION,USUARIO_MODIFICACION,TERMINAL_MODIFICACION,FECHA_MODIFICACION) VALUES(208,26,'MUERTE NATURAL (VEJEZ)','ACT','Script',host_name(),getdate(),'Script',host_name(),getdate())
INSERT INTO Remetfu.REM_CATALOGO(CATALOGO_ID,TIPO_CATALOGO_ID,NOMBRE,ESTADO,USUARIO_CREACION,TERMINAL_CREACION,FECHA_CREACION,USUARIO_MODIFICACION,TERMINAL_MODIFICACION,FECHA_MODIFICACION) VALUES(209,26,'OTROS:DESCRIBA','ACT','Script',host_name(),getdate(),'Script',host_name(),getdate())
INSERT INTO Remetfu.REM_CATALOGO(CATALOGO_ID,TIPO_CATALOGO_ID,NOMBRE,ESTADO,USUARIO_CREACION,TERMINAL_CREACION,FECHA_CREACION,USUARIO_MODIFICACION,TERMINAL_MODIFICACION,FECHA_MODIFICACION) VALUES(210,27,'UBA - CAVRAT LOS CHILLOS','ACT','Script',host_name(),getdate(),'Script',host_name(),getdate())
INSERT INTO Remetfu.REM_CATALOGO(CATALOGO_ID,TIPO_CATALOGO_ID,NOMBRE,ESTADO,USUARIO_CREACION,TERMINAL_CREACION,FECHA_CREACION,USUARIO_MODIFICACION,TERMINAL_MODIFICACION,FECHA_MODIFICACION) VALUES(211,27,'UBA - CAVRAT CALDERON','ACT','Script',host_name(),getdate(),'Script',host_name(),getdate())
INSERT INTO Remetfu.REM_CATALOGO(CATALOGO_ID,TIPO_CATALOGO_ID,NOMBRE,ESTADO,USUARIO_CREACION,TERMINAL_CREACION,FECHA_CREACION,USUARIO_MODIFICACION,TERMINAL_MODIFICACION,FECHA_MODIFICACION) VALUES(212,27,'UBA - CAVRAT QUITO SUR','ACT','Script',host_name(),getdate(),'Script',host_name(),getdate())
INSERT INTO Remetfu.REM_CATALOGO(CATALOGO_ID,TIPO_CATALOGO_ID,NOMBRE,ESTADO,USUARIO_CREACION,TERMINAL_CREACION,FECHA_CREACION,USUARIO_MODIFICACION,TERMINAL_MODIFICACION,FECHA_MODIFICACION) VALUES(216,29,'ENFERMEDAD VIRAL (PARVOVIRUS, DISTEMPER)','ACT','Script',host_name(),getdate(),'Script',host_name(),getdate())
INSERT INTO Remetfu.REM_CATALOGO(CATALOGO_ID,TIPO_CATALOGO_ID,NOMBRE,ESTADO,USUARIO_CREACION,TERMINAL_CREACION,FECHA_CREACION,USUARIO_MODIFICACION,TERMINAL_MODIFICACION,FECHA_MODIFICACION) VALUES(217,29,'ENFERMEDAD DE TRANSMISION SEXUAL(TVT)','ACT','Script',host_name(),getdate(),'Script',host_name(),getdate())
INSERT INTO Remetfu.REM_CATALOGO(CATALOGO_ID,TIPO_CATALOGO_ID,NOMBRE,ESTADO,USUARIO_CREACION,TERMINAL_CREACION,FECHA_CREACION,USUARIO_MODIFICACION,TERMINAL_MODIFICACION,FECHA_MODIFICACION) VALUES(218,29,'TRAUMATISMO(ATROPELLAMIENTO)','ACT','Script',host_name(),getdate(),'Script',host_name(),getdate())
INSERT INTO Remetfu.REM_CATALOGO(CATALOGO_ID,TIPO_CATALOGO_ID,NOMBRE,ESTADO,USUARIO_CREACION,TERMINAL_CREACION,FECHA_CREACION,USUARIO_MODIFICACION,TERMINAL_MODIFICACION,FECHA_MODIFICACION) VALUES(219,29,'OTRO','ACT','Script',host_name(),getdate(),'Script',host_name(),getdate())
INSERT INTO Remetfu.REM_CATALOGO(CATALOGO_ID,TIPO_CATALOGO_ID,NOMBRE,ESTADO,USUARIO_CREACION,TERMINAL_CREACION,FECHA_CREACION,USUARIO_MODIFICACION,TERMINAL_MODIFICACION,FECHA_MODIFICACION) VALUES(220,29,'NINGUNA','ACT','Script',host_name(),getdate(),'Script',host_name(),getdate())
INSERT INTO Remetfu.REM_CATALOGO(CATALOGO_ID,TIPO_CATALOGO_ID,NOMBRE,ESTADO,USUARIO_CREACION,TERMINAL_CREACION,FECHA_CREACION,USUARIO_MODIFICACION,TERMINAL_MODIFICACION,FECHA_MODIFICACION) VALUES(221,30,'CIUDADANOS','ACT','Script',host_name(),getdate(),'Script',host_name(),getdate())
INSERT INTO Remetfu.REM_CATALOGO(CATALOGO_ID,TIPO_CATALOGO_ID,NOMBRE,ESTADO,USUARIO_CREACION,TERMINAL_CREACION,FECHA_CREACION,USUARIO_MODIFICACION,TERMINAL_MODIFICACION,FECHA_MODIFICACION) VALUES(222,30,'MUNICIPALES','ACT','Script',host_name(),getdate(),'Script',host_name(),getdate())
INSERT INTO Remetfu.REM_CATALOGO(CATALOGO_ID,TIPO_CATALOGO_ID,NOMBRE,ESTADO,USUARIO_CREACION,TERMINAL_CREACION,FECHA_CREACION,USUARIO_MODIFICACION,TERMINAL_MODIFICACION,FECHA_MODIFICACION) VALUES(223,31,'INGRESADO','ACT','Script',host_name(),getdate(),'Script',host_name(),getdate())
INSERT INTO Remetfu.REM_CATALOGO(CATALOGO_ID,TIPO_CATALOGO_ID,NOMBRE,ESTADO,USUARIO_CREACION,TERMINAL_CREACION,FECHA_CREACION,USUARIO_MODIFICACION,TERMINAL_MODIFICACION,FECHA_MODIFICACION) VALUES(224,31,'ASIGNADO','ACT','Script',host_name(),getdate(),'Script',host_name(),getdate())
INSERT INTO Remetfu.REM_CATALOGO(CATALOGO_ID,TIPO_CATALOGO_ID,NOMBRE,ESTADO,USUARIO_CREACION,TERMINAL_CREACION,FECHA_CREACION,USUARIO_MODIFICACION,TERMINAL_MODIFICACION,FECHA_MODIFICACION) VALUES(225,31,'REINGRESADO','ACT','Script',host_name(),getdate(),'Script',host_name(),getdate())
INSERT INTO Remetfu.REM_CATALOGO(CATALOGO_ID,TIPO_CATALOGO_ID,NOMBRE,ESTADO,USUARIO_CREACION,TERMINAL_CREACION,FECHA_CREACION,USUARIO_MODIFICACION,TERMINAL_MODIFICACION,FECHA_MODIFICACION) VALUES(226,31,'APROBADO','ACT','Script',host_name(),getdate(),'Script',host_name(),getdate())
INSERT INTO Remetfu.REM_CATALOGO(CATALOGO_ID,TIPO_CATALOGO_ID,NOMBRE,ESTADO,USUARIO_CREACION,TERMINAL_CREACION,FECHA_CREACION,USUARIO_MODIFICACION,TERMINAL_MODIFICACION,FECHA_MODIFICACION) VALUES(227,31,'RECHAZADO','ACT','Script',host_name(),getdate(),'Script',host_name(),getdate())
INSERT INTO Remetfu.REM_CATALOGO(CATALOGO_ID,TIPO_CATALOGO_ID,NOMBRE,ESTADO,USUARIO_CREACION,TERMINAL_CREACION,FECHA_CREACION,USUARIO_MODIFICACION,TERMINAL_MODIFICACION,FECHA_MODIFICACION) VALUES(228,31,'DEVUELTO','ACT','Script',host_name(),getdate(),'Script',host_name(),getdate())
INSERT INTO Remetfu.REM_CATALOGO(CATALOGO_ID,TIPO_CATALOGO_ID,NOMBRE,ESTADO,USUARIO_CREACION,TERMINAL_CREACION,FECHA_CREACION,USUARIO_MODIFICACION,TERMINAL_MODIFICACION,FECHA_MODIFICACION) VALUES(229,31,'EMITIDO','ACT','Script',host_name(),getdate(),'Script',host_name(),getdate())
INSERT INTO Remetfu.REM_CATALOGO(CATALOGO_ID,TIPO_CATALOGO_ID,NOMBRE,ESTADO,USUARIO_CREACION,TERMINAL_CREACION,FECHA_CREACION,USUARIO_MODIFICACION,TERMINAL_MODIFICACION,FECHA_MODIFICACION) VALUES(230,31,'COMPROBADO','ACT','Script',host_name(),getdate(),'Script',host_name(),getdate())
INSERT INTO Remetfu.REM_CATALOGO(CATALOGO_ID,TIPO_CATALOGO_ID,NOMBRE,ESTADO,USUARIO_CREACION,TERMINAL_CREACION,FECHA_CREACION,USUARIO_MODIFICACION,TERMINAL_MODIFICACION,FECHA_MODIFICACION) VALUES(231,32,'Acuerdo Veterinario prueba de visualizacion de datos hasta que nos proporcionen el texto definitivo que se desplegara en la interfaz del ususario','ACT','Script',host_name(),getdate(),'Script',host_name(),getdate())
INSERT INTO Remetfu.REM_CATALOGO(CATALOGO_ID,TIPO_CATALOGO_ID,NOMBRE,ESTADO,USUARIO_CREACION,TERMINAL_CREACION,FECHA_CREACION,USUARIO_MODIFICACION,TERMINAL_MODIFICACION,FECHA_MODIFICACION) VALUES(232,32,'Acuerdo Especialista Comportamiento Animal prueba de visualizacion de datos hasta que nos proporcionen el texto definitivo que se desplegara en la interfaz del ususario','ACT','Script',host_name(),getdate(),'Script',host_name(),getdate())
INSERT INTO Remetfu.REM_CATALOGO(CATALOGO_ID,TIPO_CATALOGO_ID,NOMBRE,ESTADO,USUARIO_CREACION,TERMINAL_CREACION,FECHA_CREACION,USUARIO_MODIFICACION,TERMINAL_MODIFICACION,FECHA_MODIFICACION) VALUES(233,33,'ACTIVO','ACT','Script',host_name(),getdate(),'Script',host_name(),getdate())
INSERT INTO Remetfu.REM_CATALOGO(CATALOGO_ID,TIPO_CATALOGO_ID,NOMBRE,ESTADO,USUARIO_CREACION,TERMINAL_CREACION,FECHA_CREACION,USUARIO_MODIFICACION,TERMINAL_MODIFICACION,FECHA_MODIFICACION) VALUES(234,33,'INACTIVO','ACT','Script',host_name(),getdate(),'Script',host_name(),getdate())
INSERT INTO Remetfu.REM_CATALOGO(CATALOGO_ID,TIPO_CATALOGO_ID,NOMBRE,ESTADO,USUARIO_CREACION,TERMINAL_CREACION,FECHA_CREACION,USUARIO_MODIFICACION,TERMINAL_MODIFICACION,FECHA_MODIFICACION) VALUES(235,33,'INACTIVO TEMPORALMENTE','ACT','Script',host_name(),getdate(),'Script',host_name(),getdate())
INSERT INTO Remetfu.REM_CATALOGO(CATALOGO_ID,TIPO_CATALOGO_ID,NOMBRE,ESTADO,USUARIO_CREACION,TERMINAL_CREACION,FECHA_CREACION,USUARIO_MODIFICACION,TERMINAL_MODIFICACION,FECHA_MODIFICACION) VALUES(236,33,'PERMISO','ACT','Script',host_name(),getdate(),'Script',host_name(),getdate())
INSERT INTO Remetfu.REM_CATALOGO(CATALOGO_ID,TIPO_CATALOGO_ID,NOMBRE,ESTADO,USUARIO_CREACION,TERMINAL_CREACION,FECHA_CREACION,USUARIO_MODIFICACION,TERMINAL_MODIFICACION,FECHA_MODIFICACION) VALUES(237,33,'VACACIONES','ACT','Script',host_name(),getdate(),'Script',host_name(),getdate())
INSERT INTO Remetfu.REM_CATALOGO(CATALOGO_ID,TIPO_CATALOGO_ID,NOMBRE,ESTADO,USUARIO_CREACION,TERMINAL_CREACION,FECHA_CREACION,USUARIO_MODIFICACION,TERMINAL_MODIFICACION,FECHA_MODIFICACION) VALUES(238,34,'Hombre','ACT','Script',host_name(),getdate(),'Script',host_name(),getdate())
INSERT INTO Remetfu.REM_CATALOGO(CATALOGO_ID,TIPO_CATALOGO_ID,NOMBRE,ESTADO,USUARIO_CREACION,TERMINAL_CREACION,FECHA_CREACION,USUARIO_MODIFICACION,TERMINAL_MODIFICACION,FECHA_MODIFICACION) VALUES(239,34,'Mujer','ACT','Script',host_name(),getdate(),'Script',host_name(),getdate())
INSERT INTO Remetfu.REM_CATALOGO(CATALOGO_ID,TIPO_CATALOGO_ID,NOMBRE,ESTADO,USUARIO_CREACION,TERMINAL_CREACION,FECHA_CREACION,USUARIO_MODIFICACION,TERMINAL_MODIFICACION,FECHA_MODIFICACION) VALUES(240,34,'Homosexual','ACT','Script',host_name(),getdate(),'Script',host_name(),getdate())
INSERT INTO Remetfu.REM_CATALOGO(CATALOGO_ID,TIPO_CATALOGO_ID,NOMBRE,ESTADO,USUARIO_CREACION,TERMINAL_CREACION,FECHA_CREACION,USUARIO_MODIFICACION,TERMINAL_MODIFICACION,FECHA_MODIFICACION) VALUES(241,34,'Bisexual','ACT','Script',host_name(),getdate(),'Script',host_name(),getdate())
INSERT INTO Remetfu.REM_CATALOGO(CATALOGO_ID,TIPO_CATALOGO_ID,NOMBRE,ESTADO,USUARIO_CREACION,TERMINAL_CREACION,FECHA_CREACION,USUARIO_MODIFICACION,TERMINAL_MODIFICACION,FECHA_MODIFICACION) VALUES(242,34,'Cisgénero','ACT','Script',host_name(),getdate(),'Script',host_name(),getdate())
INSERT INTO Remetfu.REM_CATALOGO(CATALOGO_ID,TIPO_CATALOGO_ID,NOMBRE,ESTADO,USUARIO_CREACION,TERMINAL_CREACION,FECHA_CREACION,USUARIO_MODIFICACION,TERMINAL_MODIFICACION,FECHA_MODIFICACION) VALUES(243,34,'LGBTI','ACT','Script',host_name(),getdate(),'Script',host_name(),getdate())
INSERT INTO Remetfu.REM_CATALOGO(CATALOGO_ID,TIPO_CATALOGO_ID,NOMBRE,ESTADO,USUARIO_CREACION,TERMINAL_CREACION,FECHA_CREACION,USUARIO_MODIFICACION,TERMINAL_MODIFICACION,FECHA_MODIFICACION) VALUES(244,35,'Particular','ACT','Script',host_name(),getdate(),'Script',host_name(),getdate())
INSERT INTO Remetfu.REM_CATALOGO(CATALOGO_ID,TIPO_CATALOGO_ID,NOMBRE,ESTADO,USUARIO_CREACION,TERMINAL_CREACION,FECHA_CREACION,USUARIO_MODIFICACION,TERMINAL_MODIFICACION,FECHA_MODIFICACION) VALUES(245,35,'Municipal-UBA','ACT','Script',host_name(),getdate(),'Script',host_name(),getdate())
INSERT INTO Remetfu.REM_CATALOGO(CATALOGO_ID,TIPO_CATALOGO_ID,NOMBRE,ESTADO,USUARIO_CREACION,TERMINAL_CREACION,FECHA_CREACION,USUARIO_MODIFICACION,TERMINAL_MODIFICACION,FECHA_MODIFICACION) VALUES(246,36,'Temporal','ACT','Script',host_name(),getdate(),'Script',host_name(),getdate())
INSERT INTO Remetfu.REM_CATALOGO(CATALOGO_ID,TIPO_CATALOGO_ID,NOMBRE,ESTADO,USUARIO_CREACION,TERMINAL_CREACION,FECHA_CREACION,USUARIO_MODIFICACION,TERMINAL_MODIFICACION,FECHA_MODIFICACION) VALUES(247,36,'Definitiva','ACT','Script',host_name(),getdate(),'Script',host_name(),getdate())
INSERT INTO Remetfu.REM_CATALOGO(CATALOGO_ID,TIPO_CATALOGO_ID,NOMBRE,ESTADO,USUARIO_CREACION,TERMINAL_CREACION,FECHA_CREACION,USUARIO_MODIFICACION,TERMINAL_MODIFICACION,FECHA_MODIFICACION) VALUES(248,37,'SI','ACT','Script',host_name(),getdate(),'Script',host_name(),getdate())
INSERT INTO Remetfu.REM_CATALOGO(CATALOGO_ID,TIPO_CATALOGO_ID,NOMBRE,ESTADO,USUARIO_CREACION,TERMINAL_CREACION,FECHA_CREACION,USUARIO_MODIFICACION,TERMINAL_MODIFICACION,FECHA_MODIFICACION) VALUES(249,37,'NO','ACT','Script',host_name(),getdate(),'Script',host_name(),getdate())
INSERT INTO Remetfu.REM_CATALOGO(CATALOGO_ID,TIPO_CATALOGO_ID,NOMBRE,ESTADO,USUARIO_CREACION,TERMINAL_CREACION,FECHA_CREACION,USUARIO_MODIFICACION,TERMINAL_MODIFICACION,FECHA_MODIFICACION) VALUES(250,38,'Macho','ACT','Script',host_name(),getdate(),'Script',host_name(),getdate())
INSERT INTO Remetfu.REM_CATALOGO(CATALOGO_ID,TIPO_CATALOGO_ID,NOMBRE,ESTADO,USUARIO_CREACION,TERMINAL_CREACION,FECHA_CREACION,USUARIO_MODIFICACION,TERMINAL_MODIFICACION,FECHA_MODIFICACION) VALUES(251,38,'Hembra','ACT','Script',host_name(),getdate(),'Script',host_name(),getdate())
INSERT INTO Remetfu.REM_CATALOGO(CATALOGO_ID,TIPO_CATALOGO_ID,NOMBRE,ESTADO,USUARIO_CREACION,TERMINAL_CREACION,FECHA_CREACION,USUARIO_MODIFICACION,TERMINAL_MODIFICACION,FECHA_MODIFICACION) VALUES(252,39,'Esterilización','ACT','Script',host_name(),getdate(),'Script',host_name(),getdate())
INSERT INTO Remetfu.REM_CATALOGO(CATALOGO_ID,TIPO_CATALOGO_ID,NOMBRE,ESTADO,USUARIO_CREACION,TERMINAL_CREACION,FECHA_CREACION,USUARIO_MODIFICACION,TERMINAL_MODIFICACION,FECHA_MODIFICACION) VALUES(253,39,'Identificación','ACT','Script',host_name(),getdate(),'Script',host_name(),getdate())
INSERT INTO Remetfu.REM_CATALOGO(CATALOGO_ID,TIPO_CATALOGO_ID,NOMBRE,ESTADO,USUARIO_CREACION,TERMINAL_CREACION,FECHA_CREACION,USUARIO_MODIFICACION,TERMINAL_MODIFICACION,FECHA_MODIFICACION) VALUES(254,39,'Vacunación','ACT','Script',host_name(),getdate(),'Script',host_name(),getdate())
INSERT INTO Remetfu.REM_CATALOGO(CATALOGO_ID,TIPO_CATALOGO_ID,NOMBRE,ESTADO,USUARIO_CREACION,TERMINAL_CREACION,FECHA_CREACION,USUARIO_MODIFICACION,TERMINAL_MODIFICACION,FECHA_MODIFICACION) VALUES(255,39,'Desparasitación interna','ACT','Script',host_name(),getdate(),'Script',host_name(),getdate())
INSERT INTO Remetfu.REM_CATALOGO(CATALOGO_ID,TIPO_CATALOGO_ID,NOMBRE,ESTADO,USUARIO_CREACION,TERMINAL_CREACION,FECHA_CREACION,USUARIO_MODIFICACION,TERMINAL_MODIFICACION,FECHA_MODIFICACION) VALUES(256,39,'Desparasitación externa','ACT','Script',host_name(),getdate(),'Script',host_name(),getdate())
INSERT INTO Remetfu.REM_CATALOGO(CATALOGO_ID,TIPO_CATALOGO_ID,NOMBRE,ESTADO,USUARIO_CREACION,TERMINAL_CREACION,FECHA_CREACION,USUARIO_MODIFICACION,TERMINAL_MODIFICACION,FECHA_MODIFICACION) VALUES(257,40,'Bueno','ACT','Script',host_name(),getdate(),'Script',host_name(),getdate())
INSERT INTO Remetfu.REM_CATALOGO(CATALOGO_ID,TIPO_CATALOGO_ID,NOMBRE,ESTADO,USUARIO_CREACION,TERMINAL_CREACION,FECHA_CREACION,USUARIO_MODIFICACION,TERMINAL_MODIFICACION,FECHA_MODIFICACION) VALUES(258,40,'Regular','ACT','Script',host_name(),getdate(),'Script',host_name(),getdate())
INSERT INTO Remetfu.REM_CATALOGO(CATALOGO_ID,TIPO_CATALOGO_ID,NOMBRE,ESTADO,USUARIO_CREACION,TERMINAL_CREACION,FECHA_CREACION,USUARIO_MODIFICACION,TERMINAL_MODIFICACION,FECHA_MODIFICACION) VALUES(259,40,'Malo','ACT','Script',host_name(),getdate(),'Script',host_name(),getdate())
GO

SET IDENTITY_INSERT Remetfu.REM_CATALOGO OFF
GO

--SELECT * FROM Remetfu.REM_CATALOGO

--SELECT 'INSERT INTO Remetfu.REM_CATALOGO(CATALOGO_ID,TIPO_CATALOGO_ID,NOMBRE,ESTADO,USUARIO_CREACION,TERMINAL_CREACION,FECHA_CREACION,USUARIO_MODIFICACION,TERMINAL_MODIFICACION,FECHA_MODIFICACION) VALUES('+CONVERT(VARCHAR,CATALOGO_ID)+','+CONVERT(VARCHAR,TIPO_CATALOGO_ID)+','''+NOMBRE+''','''+ESTADO+''')'
--FROM CATALOGO ORDER BY TIPO_CATALOGO_ID,CATALOGO_ID
/*
SELECT * FROM Remetfu.REM_PERFIL
SELECT * FROM REM_PERFILOPCION
SELECT * FROM REM_USUARIO_PERFIL
SELECT * FROM REM_OPCIONES
SELECT * FROM REM_PERFIL
SELECT * FROM Remetfu.REM_PERFIL
*/

SET IDENTITY_INSERT Remetfu.REM_PERFIL ON
GO

INSERT INTO Remetfu.REM_PERFIL(PERFIL_ID,NOMBRE,DESCRIPCION,ESTADO,TIPO_USUARIO,USUARIO_CREACION,TERMINAL_CREACION,FECHA_CREACION,USUARIO_MODIFICACION,TERMINAL_MODIFICACION,FECHA_MODIFICACION) VALUES(1,'Súper Administrador','Creación de usuarios, administración de tablas parametrizadas','ACT',1,'Script',host_name(),getdate(),'Script',host_name(),getdate())
INSERT INTO Remetfu.REM_PERFIL(PERFIL_ID,NOMBRE,DESCRIPCION,ESTADO,TIPO_USUARIO,USUARIO_CREACION,TERMINAL_CREACION,FECHA_CREACION,USUARIO_MODIFICACION,TERMINAL_MODIFICACION,FECHA_MODIFICACION) VALUES(2,'Administrador','Administrar los tramites reasignados a los analistas Administrar los permisos y vacaciones de los analistas Reasignar tramites entre los analistas','ACT',1,'Script',host_name(),getdate(),'Script',host_name(),getdate())
INSERT INTO Remetfu.REM_PERFIL(PERFIL_ID,NOMBRE,DESCRIPCION,ESTADO,TIPO_USUARIO,USUARIO_CREACION,TERMINAL_CREACION,FECHA_CREACION,USUARIO_MODIFICACION,TERMINAL_MODIFICACION,FECHA_MODIFICACION) VALUES(3,'Analista de Tramites','Acceso al módulo de evaluación de tramites','ACT',1,'Script',host_name(),getdate(),'Script',host_name(),getdate())
INSERT INTO Remetfu.REM_PERFIL(PERFIL_ID,NOMBRE,DESCRIPCION,ESTADO,TIPO_USUARIO,USUARIO_CREACION,TERMINAL_CREACION,FECHA_CREACION,USUARIO_MODIFICACION,TERMINAL_MODIFICACION,FECHA_MODIFICACION) VALUES(4,'Analista de Servicios','Acceso al módulo de evaluación de servicios','ACT',1,'Script',host_name(),getdate(),'Script',host_name(),getdate())
INSERT INTO Remetfu.REM_PERFIL(PERFIL_ID,NOMBRE,DESCRIPCION,ESTADO,TIPO_USUARIO,USUARIO_CREACION,TERMINAL_CREACION,FECHA_CREACION,USUARIO_MODIFICACION,TERMINAL_MODIFICACION,FECHA_MODIFICACION) VALUES(5,'Usuarios de Agencias','Acceso a los módulos y reportes de las agencias','ACT',1,'Script',host_name(),getdate(),'Script',host_name(),getdate())
INSERT INTO Remetfu.REM_PERFIL(PERFIL_ID,NOMBRE,DESCRIPCION,ESTADO,TIPO_USUARIO,USUARIO_CREACION,TERMINAL_CREACION,FECHA_CREACION,USUARIO_MODIFICACION,TERMINAL_MODIFICACION,FECHA_MODIFICACION) VALUES(6,'Usuarios de Reportes','Acceso al módulo de reportes','ACT',1,'Script',host_name(),getdate(),'Script',host_name(),getdate())
INSERT INTO Remetfu.REM_PERFIL(PERFIL_ID,NOMBRE,DESCRIPCION,ESTADO,TIPO_USUARIO,USUARIO_CREACION,TERMINAL_CREACION,FECHA_CREACION,USUARIO_MODIFICACION,TERMINAL_MODIFICACION,FECHA_MODIFICACION) VALUES(7,'Ciudadano','Acceso a opciones que visualiza el ciudadano en general','ACT',2,'Script',host_name(),getdate(),'Script',host_name(),getdate())
INSERT INTO Remetfu.REM_PERFIL(PERFIL_ID,NOMBRE,DESCRIPCION,ESTADO,TIPO_USUARIO,USUARIO_CREACION,TERMINAL_CREACION,FECHA_CREACION,USUARIO_MODIFICACION,TERMINAL_MODIFICACION,FECHA_MODIFICACION) VALUES(8,'Veterinario UBA','Acceso a opciones que realiza el Veterinario UBA','ACT',1,'Script',host_name(),getdate(),'Script',host_name(),getdate())
GO

SET IDENTITY_INSERT Remetfu.REM_PERFIL OFF
GO

SET IDENTITY_INSERT Remetfu.REM_MENU_CABECERA ON
GO

INSERT INTO Remetfu.REM_MENU_CABECERA(MENU_CABECERA_ID,NOMBRE,DESCRIPCION,ESTADO,USUARIO_CREACION,TERMINAL_CREACION,FECHA_CREACION,USUARIO_MODIFICACION,TERMINAL_MODIFICACION,FECHA_MODIFICACION) VALUES(1,'Usuarios y Perfiles','Realiza la Administracón de datos del usuario','ACT','Script',host_name(),getdate(),'Script',host_name(),getdate())
INSERT INTO Remetfu.REM_MENU_CABECERA(MENU_CABECERA_ID,NOMBRE,DESCRIPCION,ESTADO,USUARIO_CREACION,TERMINAL_CREACION,FECHA_CREACION,USUARIO_MODIFICACION,TERMINAL_MODIFICACION,FECHA_MODIFICACION) VALUES(2,'Administración','Realiza la Administracón de las opciones del sistema','ACT','Script',host_name(),getdate(),'Script',host_name(),getdate())
INSERT INTO Remetfu.REM_MENU_CABECERA(MENU_CABECERA_ID,NOMBRE,DESCRIPCION,ESTADO,USUARIO_CREACION,TERMINAL_CREACION,FECHA_CREACION,USUARIO_MODIFICACION,TERMINAL_MODIFICACION,FECHA_MODIFICACION) VALUES(3,'Registros','Registros realizados por Profesionales','ACT','Script',host_name(),getdate(),'Script',host_name(),getdate())
INSERT INTO Remetfu.REM_MENU_CABECERA(MENU_CABECERA_ID,NOMBRE,DESCRIPCION,ESTADO,USUARIO_CREACION,TERMINAL_CREACION,FECHA_CREACION,USUARIO_MODIFICACION,TERMINAL_MODIFICACION,FECHA_MODIFICACION) VALUES(4,'Tramites','Tareas realizadas sobre los registros realizados','ACT','Script',host_name(),getdate(),'Script',host_name(),getdate())
INSERT INTO Remetfu.REM_MENU_CABECERA(MENU_CABECERA_ID,NOMBRE,DESCRIPCION,ESTADO,USUARIO_CREACION,TERMINAL_CREACION,FECHA_CREACION,USUARIO_MODIFICACION,TERMINAL_MODIFICACION,FECHA_MODIFICACION) VALUES(5,'Servicios','Servicios realizados','ACT','Script',host_name(),getdate(),'Script',host_name(),getdate())
INSERT INTO Remetfu.REM_MENU_CABECERA(MENU_CABECERA_ID,NOMBRE,DESCRIPCION,ESTADO,USUARIO_CREACION,TERMINAL_CREACION,FECHA_CREACION,USUARIO_MODIFICACION,TERMINAL_MODIFICACION,FECHA_MODIFICACION) VALUES(6,'Reportes','Reportes que posee la aplicación','ACT','Script',host_name(),getdate(),'Script',host_name(),getdate())
INSERT INTO Remetfu.REM_MENU_CABECERA(MENU_CABECERA_ID,NOMBRE,DESCRIPCION,ESTADO,USUARIO_CREACION,TERMINAL_CREACION,FECHA_CREACION,USUARIO_MODIFICACION,TERMINAL_MODIFICACION,FECHA_MODIFICACION) VALUES(7,'Tramites','Opciones del Ciudadano','ACT','Script',host_name(),getdate(),'Script',host_name(),getdate())
INSERT INTO Remetfu.REM_MENU_CABECERA(MENU_CABECERA_ID,NOMBRE,DESCRIPCION,ESTADO,USUARIO_CREACION,TERMINAL_CREACION,FECHA_CREACION,USUARIO_MODIFICACION,TERMINAL_MODIFICACION,FECHA_MODIFICACION) VALUES(8,'Administración UBA','Tareas de Funcionarios UBA','ACT','Script',host_name(),getdate(),'Script',host_name(),getdate())
GO

SET IDENTITY_INSERT Remetfu.REM_MENU_CABECERA OFF
GO

/*
SELECT * FROM Remetfu.REM_PERFIL
SELECT * FROM Remetfu.REM_MENU_CABECERA
SELECT * FROM Remetfu.REM_MENU
SELECT * FROM Remetfu.REM_MENU_PERFIL
SELECT * FROM Remetfu.REM_NOMENCLATURA
*/
SET IDENTITY_INSERT Remetfu.REM_MENU ON
GO

--Opciones de Usuarios Internos
INSERT INTO Remetfu.REM_MENU(MENU_ID,NOMBRE,DESCRIPCION,MENU_CABECERA_ID,ICONO,RUTA,ESTADO,USUARIO_CREACION,TERMINAL_CREACION,FECHA_CREACION,USUARIO_MODIFICACION,TERMINAL_MODIFICACION,FECHA_MODIFICACION) values(1,'Usuarios','Descripcion transaccion Administración Usuarios',1,'person','Seguridades/Usuarios','ACT','Script',host_name(),getdate(),'Script',host_name(),getdate())
INSERT INTO Remetfu.REM_MENU(MENU_ID,NOMBRE,DESCRIPCION,MENU_CABECERA_ID,ICONO,RUTA,ESTADO,USUARIO_CREACION,TERMINAL_CREACION,FECHA_CREACION,USUARIO_MODIFICACION,TERMINAL_MODIFICACION,FECHA_MODIFICACION) values(2,'Tipos de Catálogos','Tipos de Catalogos de la Aplicación ',2,'assignment','Administracion/TipoCatalogo','ACT','Script',host_name(),getdate(),'Script',host_name(),getdate())
INSERT INTO Remetfu.REM_MENU(MENU_ID,NOMBRE,DESCRIPCION,MENU_CABECERA_ID,ICONO,RUTA,ESTADO,USUARIO_CREACION,TERMINAL_CREACION,FECHA_CREACION,USUARIO_MODIFICACION,TERMINAL_MODIFICACION,FECHA_MODIFICACION) values(3,'Catálogos','Catalogos Generales de la Aplicación ',2,'library_books','Administracion/Catalogo','ACT','Script',host_name(),getdate(),'Script',host_name(),getdate())
INSERT INTO Remetfu.REM_MENU(MENU_ID,NOMBRE,DESCRIPCION,MENU_CABECERA_ID,ICONO,RUTA,ESTADO,USUARIO_CREACION,TERMINAL_CREACION,FECHA_CREACION,USUARIO_MODIFICACION,TERMINAL_MODIFICACION,FECHA_MODIFICACION) values(4,'Nomenclatura','Nomenclatura utilizada por la Aplicación ',2,'featured_video','','INA','Script',host_name(),getdate(),'Script',host_name(),getdate())
INSERT INTO Remetfu.REM_MENU(MENU_ID,NOMBRE,DESCRIPCION,MENU_CABECERA_ID,ICONO,RUTA,ESTADO,USUARIO_CREACION,TERMINAL_CREACION,FECHA_CREACION,USUARIO_MODIFICACION,TERMINAL_MODIFICACION,FECHA_MODIFICACION) values(5,'Perfiles','Perfiles de usuario para la Aplicación ',1,'group','Seguridades/Perfiles','ACT','Script',host_name(),getdate(),'Script',host_name(),getdate())
INSERT INTO Remetfu.REM_MENU(MENU_ID,NOMBRE,DESCRIPCION,MENU_CABECERA_ID,ICONO,RUTA,ESTADO,USUARIO_CREACION,TERMINAL_CREACION,FECHA_CREACION,USUARIO_MODIFICACION,TERMINAL_MODIFICACION,FECHA_MODIFICACION) values(6,'Tipos de Registros','Tipos de Registros de Profesionales que se pueden Realizar',2,'file_copy','','INA','Script',host_name(),getdate(),'Script',host_name(),getdate())
INSERT INTO Remetfu.REM_MENU(MENU_ID,NOMBRE,DESCRIPCION,MENU_CABECERA_ID,ICONO,RUTA,ESTADO,USUARIO_CREACION,TERMINAL_CREACION,FECHA_CREACION,USUARIO_MODIFICACION,TERMINAL_MODIFICACION,FECHA_MODIFICACION) values(8,'Trámites reasignados a los analistas','Administrara los Trámites asignados a los Analistas',2,'event_note','','INA','Script',host_name(),getdate(),'Script',host_name(),getdate())
INSERT INTO Remetfu.REM_MENU(MENU_ID,NOMBRE,DESCRIPCION,MENU_CABECERA_ID,ICONO,RUTA,ESTADO,USUARIO_CREACION,TERMINAL_CREACION,FECHA_CREACION,USUARIO_MODIFICACION,TERMINAL_MODIFICACION,FECHA_MODIFICACION) values(9,'Permisos y Vacaciones de los analistas','Administrar los permisos y vacaciones de los analistas',2,'event_note','','INA','Script',host_name(),getdate(),'Script',host_name(),getdate())
INSERT INTO Remetfu.REM_MENU(MENU_ID,NOMBRE,DESCRIPCION,MENU_CABECERA_ID,ICONO,RUTA,ESTADO,USUARIO_CREACION,TERMINAL_CREACION,FECHA_CREACION,USUARIO_MODIFICACION,TERMINAL_MODIFICACION,FECHA_MODIFICACION) values(10,'Reasignar Trámites','Reasignar trámites entre los analistas',2,'event_note','Administracion/ReasignarTramites','ACT','Script',host_name(),getdate(),'Script',host_name(),getdate())
INSERT INTO Remetfu.REM_MENU(MENU_ID,NOMBRE,DESCRIPCION,MENU_CABECERA_ID,ICONO,RUTA,ESTADO,USUARIO_CREACION,TERMINAL_CREACION,FECHA_CREACION,USUARIO_MODIFICACION,TERMINAL_MODIFICACION,FECHA_MODIFICACION) values(11,'Aprobación de Trámites','Aprobación de trámites, actividad realizada por el analista',4,'event_note','Administracion/Aprobar','ACT','Script',host_name(),getdate(),'Script',host_name(),getdate())
--Opciones de Ciudadano
INSERT INTO Remetfu.REM_MENU(MENU_ID,NOMBRE,DESCRIPCION,MENU_CABECERA_ID,ICONO,RUTA,ESTADO,USUARIO_CREACION,TERMINAL_CREACION,FECHA_CREACION,USUARIO_MODIFICACION,TERMINAL_MODIFICACION,FECHA_MODIFICACION) values(13,'Creación','Creación de trámites, actividad realizada por el analista',7,'event_note','Externo/Tramites/CrearTramite','ACT','Script',host_name(),getdate(),'Script',host_name(),getdate())
INSERT INTO Remetfu.REM_MENU(MENU_ID,NOMBRE,DESCRIPCION,MENU_CABECERA_ID,ICONO,RUTA,ESTADO,USUARIO_CREACION,TERMINAL_CREACION,FECHA_CREACION,USUARIO_MODIFICACION,TERMINAL_MODIFICACION,FECHA_MODIFICACION) values(15,'Mis Registros','Revisión de trámites realizados por el Analista',3,'event_note','Registros/ConsultaAnalista','ACT','Script',host_name(),getdate(),'Script',host_name(),getdate())
INSERT INTO Remetfu.REM_MENU(MENU_ID,NOMBRE,DESCRIPCION,MENU_CABECERA_ID,ICONO,RUTA,ESTADO,USUARIO_CREACION,TERMINAL_CREACION,FECHA_CREACION,USUARIO_MODIFICACION,TERMINAL_MODIFICACION,FECHA_MODIFICACION) values(16,'Consulta Registros','Revisión de trámites realizados por el Analista',3,'event_note','Registros/ConsultaAdministrador','INA','Script',host_name(),getdate(),'Script',host_name(),getdate())
--Opciones de Veterinario UBA
INSERT INTO Remetfu.REM_MENU(MENU_ID,NOMBRE,DESCRIPCION,MENU_CABECERA_ID,ICONO,RUTA,ESTADO,USUARIO_CREACION,TERMINAL_CREACION,FECHA_CREACION,USUARIO_MODIFICACION,TERMINAL_MODIFICACION,FECHA_MODIFICACION) values(17,'Registro Animal Sin Tutor','Registro Animales de calle, actividad realizada por el Veterinario UBA',8,'event_note','UBA/RegistroAnimal','INA','Script',host_name(),getdate(),'Script',host_name(),getdate())
INSERT INTO Remetfu.REM_MENU(MENU_ID,NOMBRE,DESCRIPCION,MENU_CABECERA_ID,ICONO,RUTA,ESTADO,USUARIO_CREACION,TERMINAL_CREACION,FECHA_CREACION,USUARIO_MODIFICACION,TERMINAL_MODIFICACION,FECHA_MODIFICACION) values(18,'Retiro de Animales','Registro de Retiro de Animales de calle, actividad realizada por el Veterinario UBA',8,'event_note','UBA/RetiroAnimal','ACT','Script',host_name(),getdate(),'Script',host_name(),getdate())
INSERT INTO Remetfu.REM_MENU(MENU_ID,NOMBRE,DESCRIPCION,MENU_CABECERA_ID,ICONO,RUTA,ESTADO,USUARIO_CREACION,TERMINAL_CREACION,FECHA_CREACION,USUARIO_MODIFICACION,TERMINAL_MODIFICACION,FECHA_MODIFICACION) values(19,'Recepción de Animales','Registro de Recepción Animales de calle, actividad realizada por el Veterinario UBA',8,'event_note','UBA/RecepcionAnimal','ACT','Script',host_name(),getdate(),'Script',host_name(),getdate())
INSERT INTO Remetfu.REM_MENU(MENU_ID,NOMBRE,DESCRIPCION,MENU_CABECERA_ID,ICONO,RUTA,ESTADO,USUARIO_CREACION,TERMINAL_CREACION,FECHA_CREACION,USUARIO_MODIFICACION,TERMINAL_MODIFICACION,FECHA_MODIFICACION) values(20,'Atención de Animales','Registro de Atención de Animales de calle, actividad realizada por el Veterinario UBA',8,'event_note','UBA/DatosTecnicosAnimal','ACT','Script',host_name(),getdate(),'Script',host_name(),getdate())
INSERT INTO Remetfu.REM_MENU(MENU_ID,NOMBRE,DESCRIPCION,MENU_CABECERA_ID,ICONO,RUTA,ESTADO,USUARIO_CREACION,TERMINAL_CREACION,FECHA_CREACION,USUARIO_MODIFICACION,TERMINAL_MODIFICACION,FECHA_MODIFICACION) values(21,'Comite de Etica','Registro de datos de Comites de Etica actividad realizada por Administrador UBA',8,'event_note','UBA/ComiteEtica','ACT','Script',host_name(),getdate(),'Script',host_name(),getdate())
INSERT INTO Remetfu.REM_MENU(MENU_ID,NOMBRE,DESCRIPCION,MENU_CABECERA_ID,ICONO,RUTA,ESTADO,USUARIO_CREACION,TERMINAL_CREACION,FECHA_CREACION,USUARIO_MODIFICACION,TERMINAL_MODIFICACION,FECHA_MODIFICACION) values(22,'Consultas','Consultas de registros para administrador UBA',8,'event_note','UBA/Consultas','INA','Script',host_name(),getdate(),'Script',host_name(),getdate())
INSERT INTO Remetfu.REM_MENU(MENU_ID,NOMBRE,DESCRIPCION,MENU_CABECERA_ID,ICONO,RUTA,ESTADO,USUARIO_CREACION,TERMINAL_CREACION,FECHA_CREACION,USUARIO_MODIFICACION,TERMINAL_MODIFICACION,FECHA_MODIFICACION) values(23,'Registro Microchip UBA','Registros de Microchip por veterinario UBA',8,'event_note','UBA/RegistrarMicrochip','ACT','Script',host_name(),getdate(),'Script',host_name(),getdate())


/*
select 'INSERT INTO Remetfu.REM_MENU(MENU_ID,NOMBRE,DESCRIPCION,MENU_CABECERA_ID,ICONO,RUTA,ESTADO,USUARIO_CREACION,TERMINAL_CREACION,FECHA_CREACION,USUARIO_MODIFICACION,TERMINAL_MODIFICACION,FECHA_MODIFICACION) values('+
CONVERT(VARCHAR,MENU_ID)+','''+NOMBRE+''','''+DESCRIPCION+''','+CONVERT(VARCHAR,MENU_CABECERA_ID)+','''+ICONO+''','''+RUTA+''','''+
ESTADO+''','+'''Script'','+'host_name(),getdate()'+',''Script'','+'host_name(),getdate())'
from [MDMQ_REMETFU].[Remetfu].[REM_MENU]
go
*/

SET IDENTITY_INSERT Remetfu.REM_MENU OFF
GO


--Super Administrador
insert into Remetfu.REM_MENU_PERFIL(PERFIL_ID,MENU_ID,ESTADO,USUARIO_CREACION,TERMINAL_CREACION,FECHA_CREACION,USUARIO_MODIFICACION,TERMINAL_MODIFICACION,FECHA_MODIFICACION) values(1,1,'ACT','Script',host_name(),getdate(),'Script',host_name(),getdate())
insert into Remetfu.REM_MENU_PERFIL(PERFIL_ID,MENU_ID,ESTADO,USUARIO_CREACION,TERMINAL_CREACION,FECHA_CREACION,USUARIO_MODIFICACION,TERMINAL_MODIFICACION,FECHA_MODIFICACION) values(1,2,'ACT','Script',host_name(),getdate(),'Script',host_name(),getdate())
insert into Remetfu.REM_MENU_PERFIL(PERFIL_ID,MENU_ID,ESTADO,USUARIO_CREACION,TERMINAL_CREACION,FECHA_CREACION,USUARIO_MODIFICACION,TERMINAL_MODIFICACION,FECHA_MODIFICACION) values(1,3,'ACT','Script',host_name(),getdate(),'Script',host_name(),getdate())
insert into Remetfu.REM_MENU_PERFIL(PERFIL_ID,MENU_ID,ESTADO,USUARIO_CREACION,TERMINAL_CREACION,FECHA_CREACION,USUARIO_MODIFICACION,TERMINAL_MODIFICACION,FECHA_MODIFICACION) values(1,4,'ACT','Script',host_name(),getdate(),'Script',host_name(),getdate())
insert into Remetfu.REM_MENU_PERFIL(PERFIL_ID,MENU_ID,ESTADO,USUARIO_CREACION,TERMINAL_CREACION,FECHA_CREACION,USUARIO_MODIFICACION,TERMINAL_MODIFICACION,FECHA_MODIFICACION) values(1,5,'ACT','Script',host_name(),getdate(),'Script',host_name(),getdate())
insert into Remetfu.REM_MENU_PERFIL(PERFIL_ID,MENU_ID,ESTADO,USUARIO_CREACION,TERMINAL_CREACION,FECHA_CREACION,USUARIO_MODIFICACION,TERMINAL_MODIFICACION,FECHA_MODIFICACION) values(1,6,'ACT','Script',host_name(),getdate(),'Script',host_name(),getdate())
--Administrador
insert into Remetfu.REM_MENU_PERFIL(PERFIL_ID,MENU_ID,ESTADO,USUARIO_CREACION,TERMINAL_CREACION,FECHA_CREACION,USUARIO_MODIFICACION,TERMINAL_MODIFICACION,FECHA_MODIFICACION) values(2,8,'ACT','Script',host_name(),getdate(),'Script',host_name(),getdate())
insert into Remetfu.REM_MENU_PERFIL(PERFIL_ID,MENU_ID,ESTADO,USUARIO_CREACION,TERMINAL_CREACION,FECHA_CREACION,USUARIO_MODIFICACION,TERMINAL_MODIFICACION,FECHA_MODIFICACION) values(2,9,'ACT','Script',host_name(),getdate(),'Script',host_name(),getdate())
insert into Remetfu.REM_MENU_PERFIL(PERFIL_ID,MENU_ID,ESTADO,USUARIO_CREACION,TERMINAL_CREACION,FECHA_CREACION,USUARIO_MODIFICACION,TERMINAL_MODIFICACION,FECHA_MODIFICACION) values(2,10,'ACT','Script',host_name(),getdate(),'Script',host_name(),getdate())
insert into Remetfu.REM_MENU_PERFIL(PERFIL_ID,MENU_ID,ESTADO,USUARIO_CREACION,TERMINAL_CREACION,FECHA_CREACION,USUARIO_MODIFICACION,TERMINAL_MODIFICACION,FECHA_MODIFICACION) values(2,16,'ACT','Script',host_name(),getdate(),'Script',host_name(),getdate())
--Analista de Trámites
insert into Remetfu.REM_MENU_PERFIL(PERFIL_ID,MENU_ID,ESTADO,USUARIO_CREACION,TERMINAL_CREACION,FECHA_CREACION,USUARIO_MODIFICACION,TERMINAL_MODIFICACION,FECHA_MODIFICACION) values(3,11,'ACT','Script',host_name(),getdate(),'Script',host_name(),getdate())
insert into Remetfu.REM_MENU_PERFIL(PERFIL_ID,MENU_ID,ESTADO,USUARIO_CREACION,TERMINAL_CREACION,FECHA_CREACION,USUARIO_MODIFICACION,TERMINAL_MODIFICACION,FECHA_MODIFICACION) values(3,15,'ACT','Script',host_name(),getdate(),'Script',host_name(),getdate())
--Ciudadano
insert into Remetfu.REM_MENU_PERFIL(PERFIL_ID,MENU_ID,ESTADO,USUARIO_CREACION,TERMINAL_CREACION,FECHA_CREACION,USUARIO_MODIFICACION,TERMINAL_MODIFICACION,FECHA_MODIFICACION) values(7,13,'ACT','Script',host_name(),getdate(),'Script',host_name(),getdate())
--Veterinario UBA
insert into Remetfu.REM_MENU_PERFIL(PERFIL_ID,MENU_ID,ESTADO,USUARIO_CREACION,TERMINAL_CREACION,FECHA_CREACION,USUARIO_MODIFICACION,TERMINAL_MODIFICACION,FECHA_MODIFICACION) values(8,17,'ACT','Script',host_name(),getdate(),'Script',host_name(),getdate())
insert into Remetfu.REM_MENU_PERFIL(PERFIL_ID,MENU_ID,ESTADO,USUARIO_CREACION,TERMINAL_CREACION,FECHA_CREACION,USUARIO_MODIFICACION,TERMINAL_MODIFICACION,FECHA_MODIFICACION) values(8,18,'ACT','Script',host_name(),getdate(),'Script',host_name(),getdate())
insert into Remetfu.REM_MENU_PERFIL(PERFIL_ID,MENU_ID,ESTADO,USUARIO_CREACION,TERMINAL_CREACION,FECHA_CREACION,USUARIO_MODIFICACION,TERMINAL_MODIFICACION,FECHA_MODIFICACION) values(8,19,'ACT','Script',host_name(),getdate(),'Script',host_name(),getdate())
insert into Remetfu.REM_MENU_PERFIL(PERFIL_ID,MENU_ID,ESTADO,USUARIO_CREACION,TERMINAL_CREACION,FECHA_CREACION,USUARIO_MODIFICACION,TERMINAL_MODIFICACION,FECHA_MODIFICACION) values(8,20,'ACT','Script',host_name(),getdate(),'Script',host_name(),getdate())
insert into Remetfu.REM_MENU_PERFIL(PERFIL_ID,MENU_ID,ESTADO,USUARIO_CREACION,TERMINAL_CREACION,FECHA_CREACION,USUARIO_MODIFICACION,TERMINAL_MODIFICACION,FECHA_MODIFICACION) values(8,21,'ACT','Script',host_name(),getdate(),'Script',host_name(),getdate())
insert into Remetfu.REM_MENU_PERFIL(PERFIL_ID,MENU_ID,ESTADO,USUARIO_CREACION,TERMINAL_CREACION,FECHA_CREACION,USUARIO_MODIFICACION,TERMINAL_MODIFICACION,FECHA_MODIFICACION) values(8,22,'ACT','Script',host_name(),getdate(),'Script',host_name(),getdate())
insert into Remetfu.REM_MENU_PERFIL(PERFIL_ID,MENU_ID,ESTADO,USUARIO_CREACION,TERMINAL_CREACION,FECHA_CREACION,USUARIO_MODIFICACION,TERMINAL_MODIFICACION,FECHA_MODIFICACION) values(8,23,'ACT','Script',host_name(),getdate(),'Script',host_name(),getdate())
go


/*
select 'insert into Remetfu.REM_MENU_PERFIL(PERFIL_ID,MENU_ID,ESTADO,USUARIO_CREACION,TERMINAL_CREACION,FECHA_CREACION,USUARIO_MODIFICACION,TERMINAL_MODIFICACION,FECHA_MODIFICACION) values('+CONVERT(VARCHAR,PERFIL_ID)+','+CONVERT(VARCHAR,MENU_ID)+','''+
ESTADO+''','+'''Script'','+'host_name(),getdate()'+',''Script'','+'host_name(),getdate())'
from [MDMQ_REMETFU].[Remetfu].[REM_MENU_PERFIL]
go
*/

SET IDENTITY_INSERT Remetfu.REM_TIPO_REGISTRO ON
GO
INSERT INTO Remetfu.REM_TIPO_REGISTRO(TIPO_REGISTRO_ID,DESCRIPCION,NOVEDAD1,NOVEDAD2,NOVEDAD3,VALOR1,VALOR2,ESTADO,USUARIO_CREACION,TERMINAL_CREACION,FECHA_CREACION,USUARIO_MODIFICACION,TERMINAL_MODIFICACION,FECHA_MODIFICACION) VALUES(1,'TUTOR/A','Registro de Tutores','Seleccionar','INA','Masivo',host_name(),getdate(),'Masivo',host_name(),getdate())
INSERT INTO Remetfu.REM_TIPO_REGISTRO(TIPO_REGISTRO_ID,DESCRIPCION,NOVEDAD1,NOVEDAD2,NOVEDAD3,VALOR1,VALOR2,ESTADO,USUARIO_CREACION,TERMINAL_CREACION,FECHA_CREACION,USUARIO_MODIFICACION,TERMINAL_MODIFICACION,FECHA_MODIFICACION) VALUES(2,'VETERINARIO/A','Registro de Veterinarios','Seleccionar','ACT','Masivo',host_name(),getdate(),'Masivo',host_name(),getdate())
INSERT INTO Remetfu.REM_TIPO_REGISTRO(TIPO_REGISTRO_ID,DESCRIPCION,NOVEDAD1,NOVEDAD2,NOVEDAD3,VALOR1,VALOR2,ESTADO,USUARIO_CREACION,TERMINAL_CREACION,FECHA_CREACION,USUARIO_MODIFICACION,TERMINAL_MODIFICACION,FECHA_MODIFICACION) VALUES(3,'COMITE DE ETICA','Registro de Comites de Etica','Seleccionar','INA','Masivo',host_name(),getdate(),'Masivo',host_name(),getdate())
INSERT INTO Remetfu.REM_TIPO_REGISTRO(TIPO_REGISTRO_ID,DESCRIPCION,NOVEDAD1,NOVEDAD2,NOVEDAD3,VALOR1,VALOR2,ESTADO,USUARIO_CREACION,TERMINAL_CREACION,FECHA_CREACION,USUARIO_MODIFICACION,TERMINAL_MODIFICACION,FECHA_MODIFICACION) VALUES(4,'PRESTADOR DE SERVICIOS','Registro de Prestadores de Servicio','Seleccionar','ACT','Masivo',host_name(),getdate(),'Masivo',host_name(),getdate())
INSERT INTO Remetfu.REM_TIPO_REGISTRO(TIPO_REGISTRO_ID,DESCRIPCION,NOVEDAD1,NOVEDAD2,NOVEDAD3,VALOR1,VALOR2,ESTADO,USUARIO_CREACION,TERMINAL_CREACION,FECHA_CREACION,USUARIO_MODIFICACION,TERMINAL_MODIFICACION,FECHA_MODIFICACION) VALUES(5,'ESTABLECIMIENTOS','Registro de Establecimientos','Seleccionar','INA','Masivo',host_name(),getdate(),'Masivo',host_name(),getdate())

SET IDENTITY_INSERT Remetfu.REM_TIPO_REGISTRO OFF
GO

select * from Remetfu.REM_SUBTIPO_REGISTRO
select * from Remetfu.REM_NOMENCLATURA


SET IDENTITY_INSERT Remetfu.REM_SUBTIPO_REGISTRO ON
GO
insert into Remetfu.REM_SUBTIPO_REGISTRO(SUBTIPO_REGISTRO_ID,TIPO_REGISTRO_ID,DESCRIPCION,TIPO_FORMULARIO,NOVEDAD1,NOVEDAD2,NOVEDAD3,VALOR1,VALOR2,ESTADO,USUARIO_CREACION,TERMINAL_CREACION,FECHA_CREACION,USUARIO_MODIFICACION,TERMINAL_MODIFICACION,FECHA_MODIFICACION) VALUES(1,1,'Registro de Datos de Tutor',1,'Registro de Tutor de Animales de Compania','Acuerdo de Responsabilidad: Estoy de acuerdo en todo la información ingresada en este trámite','',0.00,0.00,'ACT','Script',host_name(),getdate(),'Script',host_name(),getdate())
insert into Remetfu.REM_SUBTIPO_REGISTRO(SUBTIPO_REGISTRO_ID,TIPO_REGISTRO_ID,DESCRIPCION,TIPO_FORMULARIO,NOVEDAD1,NOVEDAD2,NOVEDAD3,VALOR1,VALOR2,ESTADO,USUARIO_CREACION,TERMINAL_CREACION,FECHA_CREACION,USUARIO_MODIFICACION,TERMINAL_MODIFICACION,FECHA_MODIFICACION) VALUES(2,2,'Registro de Datos de Veterinario(a)',2,'Registro de Veterinarios','Acuerdo de Responsabilidad: Estoy de acuerdo en todo la información ingresada en este trámite','',1.00,0.00,'ACT','Script',host_name(),getdate(),'Script',host_name(),getdate())
insert into Remetfu.REM_SUBTIPO_REGISTRO(SUBTIPO_REGISTRO_ID,TIPO_REGISTRO_ID,DESCRIPCION,TIPO_FORMULARIO,NOVEDAD1,NOVEDAD2,NOVEDAD3,VALOR1,VALOR2,ESTADO,USUARIO_CREACION,TERMINAL_CREACION,FECHA_CREACION,USUARIO_MODIFICACION,TERMINAL_MODIFICACION,FECHA_MODIFICACION) VALUES(3,2,'Registro de Microchip',1,'Registro de Veterinarios','Acuerdo de Responsabilidad: Estoy de acuerdo en todo la información ingresada en este trámite','',2.00,0.00,'ACT','Script',host_name(),getdate(),'Script',host_name(),getdate())
insert into Remetfu.REM_SUBTIPO_REGISTRO(SUBTIPO_REGISTRO_ID,TIPO_REGISTRO_ID,DESCRIPCION,TIPO_FORMULARIO,NOVEDAD1,NOVEDAD2,NOVEDAD3,VALOR1,VALOR2,ESTADO,USUARIO_CREACION,TERMINAL_CREACION,FECHA_CREACION,USUARIO_MODIFICACION,TERMINAL_MODIFICACION,FECHA_MODIFICACION) VALUES(4,3,'COMITE DE ETICA',3,'Registro de Comites de Etica','Acuerdo de Responsabilidad: Estoy de acuerdo en todo la información ingresada en este trámite','',0.00,0.00,'ACT','Script',host_name(),getdate(),'Script',host_name(),getdate())
insert into Remetfu.REM_SUBTIPO_REGISTRO(SUBTIPO_REGISTRO_ID,TIPO_REGISTRO_ID,DESCRIPCION,TIPO_FORMULARIO,NOVEDAD1,NOVEDAD2,NOVEDAD3,VALOR1,VALOR2,ESTADO,USUARIO_CREACION,TERMINAL_CREACION,FECHA_CREACION,USUARIO_MODIFICACION,TERMINAL_MODIFICACION,FECHA_MODIFICACION) VALUES(5,4,'Peluquero/a',4,'Registro de Peluqueros','Acuerdo de Responsabilidad: Estoy de acuerdo en todo la información ingresada en este trámite','',1.00,0.00,'INA','Script',host_name(),getdate(),'Script',host_name(),getdate())
insert into Remetfu.REM_SUBTIPO_REGISTRO(SUBTIPO_REGISTRO_ID,TIPO_REGISTRO_ID,DESCRIPCION,TIPO_FORMULARIO,NOVEDAD1,NOVEDAD2,NOVEDAD3,VALOR1,VALOR2,ESTADO,USUARIO_CREACION,TERMINAL_CREACION,FECHA_CREACION,USUARIO_MODIFICACION,TERMINAL_MODIFICACION,FECHA_MODIFICACION) VALUES(6,4,'Rescatista independiente',5,'Registro de Rescatista','Acuerdo de Responsabilidad: Estoy de acuerdo en todo la información ingresada en este trámite','',0.00,0.00,'INA','Script',host_name(),getdate(),'Script',host_name(),getdate())
insert into Remetfu.REM_SUBTIPO_REGISTRO(SUBTIPO_REGISTRO_ID,TIPO_REGISTRO_ID,DESCRIPCION,TIPO_FORMULARIO,NOVEDAD1,NOVEDAD2,NOVEDAD3,VALOR1,VALOR2,ESTADO,USUARIO_CREACION,TERMINAL_CREACION,FECHA_CREACION,USUARIO_MODIFICACION,TERMINAL_MODIFICACION,FECHA_MODIFICACION) VALUES(7,4,'Cuidador/a',6,'Registro de Cuidadores','Acuerdo de Responsabilidad: Estoy de acuerdo en todo la información ingresada en este trámite','',0.00,0.00,'INA','Script',host_name(),getdate(),'Script',host_name(),getdate())
insert into Remetfu.REM_SUBTIPO_REGISTRO(SUBTIPO_REGISTRO_ID,TIPO_REGISTRO_ID,DESCRIPCION,TIPO_FORMULARIO,NOVEDAD1,NOVEDAD2,NOVEDAD3,VALOR1,VALOR2,ESTADO,USUARIO_CREACION,TERMINAL_CREACION,FECHA_CREACION,USUARIO_MODIFICACION,TERMINAL_MODIFICACION,FECHA_MODIFICACION) VALUES(8,4,'Paseador/a',7,'Registro de Paseadores de Animales','Acuerdo de Responsabilidad: Estoy de acuerdo en todo la información ingresada en este trámite','',1.00,0.00,'INA','Script',host_name(),getdate(),'Script',host_name(),getdate())
insert into Remetfu.REM_SUBTIPO_REGISTRO(SUBTIPO_REGISTRO_ID,TIPO_REGISTRO_ID,DESCRIPCION,TIPO_FORMULARIO,NOVEDAD1,NOVEDAD2,NOVEDAD3,VALOR1,VALOR2,ESTADO,USUARIO_CREACION,TERMINAL_CREACION,FECHA_CREACION,USUARIO_MODIFICACION,TERMINAL_MODIFICACION,FECHA_MODIFICACION) VALUES(9,4,'Hogar temporal',8,'Registro de Hogares temporales','Acuerdo de Responsabilidad: Estoy de acuerdo en todo la información ingresada en este trámite','',0.00,0.00,'INA','Script',host_name(),getdate(),'Script',host_name(),getdate())
insert into Remetfu.REM_SUBTIPO_REGISTRO(SUBTIPO_REGISTRO_ID,TIPO_REGISTRO_ID,DESCRIPCION,TIPO_FORMULARIO,NOVEDAD1,NOVEDAD2,NOVEDAD3,VALOR1,VALOR2,ESTADO,USUARIO_CREACION,TERMINAL_CREACION,FECHA_CREACION,USUARIO_MODIFICACION,TERMINAL_MODIFICACION,FECHA_MODIFICACION) VALUES(10,4,'Adiestrador/a',9,'Registro de Adiestradores','Acuerdo de Responsabilidad: Estoy de acuerdo en todo la información ingresada en este trámite','',1.00,0.00,'INA','Script',host_name(),getdate(),'Script',host_name(),getdate())
insert into Remetfu.REM_SUBTIPO_REGISTRO(SUBTIPO_REGISTRO_ID,TIPO_REGISTRO_ID,DESCRIPCION,TIPO_FORMULARIO,NOVEDAD1,NOVEDAD2,NOVEDAD3,VALOR1,VALOR2,ESTADO,USUARIO_CREACION,TERMINAL_CREACION,FECHA_CREACION,USUARIO_MODIFICACION,TERMINAL_MODIFICACION,FECHA_MODIFICACION) VALUES(11,4,'Especialista en Comportamiento/Conducta animal',2,'Registro de Especialista en Comportamiento','Acuerdo de Responsabilidad: Estoy de acuerdo en todo la información ingresada en este trámite','',1.00,0.00,'ACT','Script',host_name(),getdate(),'Script',host_name(),getdate())
insert into Remetfu.REM_SUBTIPO_REGISTRO(SUBTIPO_REGISTRO_ID,TIPO_REGISTRO_ID,DESCRIPCION,TIPO_FORMULARIO,NOVEDAD1,NOVEDAD2,NOVEDAD3,VALOR1,VALOR2,ESTADO,USUARIO_CREACION,TERMINAL_CREACION,FECHA_CREACION,USUARIO_MODIFICACION,TERMINAL_MODIFICACION,FECHA_MODIFICACION) VALUES(12,5,'Hospital veterinario',10,'Registro de Hospital Veterinario','Acuerdo de Responsabilidad: Estoy de acuerdo en todo la información ingresada en este trámite','',5.00,0.00,'ACT','Script',host_name(),getdate(),'Script',host_name(),getdate())
insert into Remetfu.REM_SUBTIPO_REGISTRO(SUBTIPO_REGISTRO_ID,TIPO_REGISTRO_ID,DESCRIPCION,TIPO_FORMULARIO,NOVEDAD1,NOVEDAD2,NOVEDAD3,VALOR1,VALOR2,ESTADO,USUARIO_CREACION,TERMINAL_CREACION,FECHA_CREACION,USUARIO_MODIFICACION,TERMINAL_MODIFICACION,FECHA_MODIFICACION) VALUES(13,5,'Clínica veterinaria',10,'Registro de Clínica veterinaria','Acuerdo de Responsabilidad: Estoy de acuerdo en todo la información ingresada en este trámite','',4.00,0.00,'ACT','Script',host_name(),getdate(),'Script',host_name(),getdate())
insert into Remetfu.REM_SUBTIPO_REGISTRO(SUBTIPO_REGISTRO_ID,TIPO_REGISTRO_ID,DESCRIPCION,TIPO_FORMULARIO,NOVEDAD1,NOVEDAD2,NOVEDAD3,VALOR1,VALOR2,ESTADO,USUARIO_CREACION,TERMINAL_CREACION,FECHA_CREACION,USUARIO_MODIFICACION,TERMINAL_MODIFICACION,FECHA_MODIFICACION) VALUES(14,5,'Consultorio veterinario',11,'Registro de Consultorio veterinario','Acuerdo de Responsabilidad: Estoy de acuerdo en todo la información ingresada en este trámite','',3.00,0.00,'ACT','Script',host_name(),getdate(),'Script',host_name(),getdate())
insert into Remetfu.REM_SUBTIPO_REGISTRO(SUBTIPO_REGISTRO_ID,TIPO_REGISTRO_ID,DESCRIPCION,TIPO_FORMULARIO,NOVEDAD1,NOVEDAD2,NOVEDAD3,VALOR1,VALOR2,ESTADO,USUARIO_CREACION,TERMINAL_CREACION,FECHA_CREACION,USUARIO_MODIFICACION,TERMINAL_MODIFICACION,FECHA_MODIFICACION) VALUES(15,5,'Centro de estética animal',12,'Registro de Centro de estética animal','Acuerdo de Responsabilidad: Estoy de acuerdo en todo la información ingresada en este trámite','',3.00,0.00,'ACT','Script',host_name(),getdate(),'Script',host_name(),getdate())
insert into Remetfu.REM_SUBTIPO_REGISTRO(SUBTIPO_REGISTRO_ID,TIPO_REGISTRO_ID,DESCRIPCION,TIPO_FORMULARIO,NOVEDAD1,NOVEDAD2,NOVEDAD3,VALOR1,VALOR2,ESTADO,USUARIO_CREACION,TERMINAL_CREACION,FECHA_CREACION,USUARIO_MODIFICACION,TERMINAL_MODIFICACION,FECHA_MODIFICACION) VALUES(16,5,'Centro o escuela de adiestramiento',13,'Registro de Centro de adiestramiento','Acuerdo de Responsabilidad: Estoy de acuerdo en todo la información ingresada en este trámite','',3.00,0.00,'ACT','Script',host_name(),getdate(),'Script',host_name(),getdate())
insert into Remetfu.REM_SUBTIPO_REGISTRO(SUBTIPO_REGISTRO_ID,TIPO_REGISTRO_ID,DESCRIPCION,TIPO_FORMULARIO,NOVEDAD1,NOVEDAD2,NOVEDAD3,VALOR1,VALOR2,ESTADO,USUARIO_CREACION,TERMINAL_CREACION,FECHA_CREACION,USUARIO_MODIFICACION,TERMINAL_MODIFICACION,FECHA_MODIFICACION) VALUES(17,5,'Centro de alojamiento para animales de compañía (Guardería / Hotel)',14,'Registro de Centro de alojamiento','Acuerdo de Responsabilidad: Estoy de acuerdo en todo la información ingresada en este trámite','',3.00,0.00,'INA','Script',host_name(),getdate(),'Script',host_name(),getdate())
insert into Remetfu.REM_SUBTIPO_REGISTRO(SUBTIPO_REGISTRO_ID,TIPO_REGISTRO_ID,DESCRIPCION,TIPO_FORMULARIO,NOVEDAD1,NOVEDAD2,NOVEDAD3,VALOR1,VALOR2,ESTADO,USUARIO_CREACION,TERMINAL_CREACION,FECHA_CREACION,USUARIO_MODIFICACION,TERMINAL_MODIFICACION,FECHA_MODIFICACION) VALUES(18,5,'Criadero o centro de reproducción',15,'Registro de Criadero o centro de reproducción','Acuerdo de Responsabilidad: Estoy de acuerdo en todo la información ingresada en este trámite','',3.00,0.00,'ACT','Script',host_name(),getdate(),'Script',host_name(),getdate())
insert into Remetfu.REM_SUBTIPO_REGISTRO(SUBTIPO_REGISTRO_ID,TIPO_REGISTRO_ID,DESCRIPCION,TIPO_FORMULARIO,NOVEDAD1,NOVEDAD2,NOVEDAD3,VALOR1,VALOR2,ESTADO,USUARIO_CREACION,TERMINAL_CREACION,FECHA_CREACION,USUARIO_MODIFICACION,TERMINAL_MODIFICACION,FECHA_MODIFICACION) VALUES(19,5,'Evento y espectáculo público',16,'Registro de Eventos público','Acuerdo de Responsabilidad: Estoy de acuerdo en todo la información ingresada en este trámite','',3.00,0.00,'ACT','Script',host_name(),getdate(),'Script',host_name(),getdate())
insert into Remetfu.REM_SUBTIPO_REGISTRO(SUBTIPO_REGISTRO_ID,TIPO_REGISTRO_ID,DESCRIPCION,TIPO_FORMULARIO,NOVEDAD1,NOVEDAD2,NOVEDAD3,VALOR1,VALOR2,ESTADO,USUARIO_CREACION,TERMINAL_CREACION,FECHA_CREACION,USUARIO_MODIFICACION,TERMINAL_MODIFICACION,FECHA_MODIFICACION) VALUES(20,5,'Quirófano móvil',17,'Registro de Quirófano móvil','Acuerdo de Responsabilidad: Estoy de acuerdo en todo la información ingresada en este trámite','',0.00,0.00,'ACT','Script',host_name(),getdate(),'Script',host_name(),getdate())
insert into Remetfu.REM_SUBTIPO_REGISTRO(SUBTIPO_REGISTRO_ID,TIPO_REGISTRO_ID,DESCRIPCION,TIPO_FORMULARIO,NOVEDAD1,NOVEDAD2,NOVEDAD3,VALOR1,VALOR2,ESTADO,USUARIO_CREACION,TERMINAL_CREACION,FECHA_CREACION,USUARIO_MODIFICACION,TERMINAL_MODIFICACION,FECHA_MODIFICACION) VALUES(21,5,'Consultorio móvil',18,'Registro de Consultorio móvil','Acuerdo de Responsabilidad: Estoy de acuerdo en todo la información ingresada en este trámite','',0.00,0.00,'ACT','Script',host_name(),getdate(),'Script',host_name(),getdate())
insert into Remetfu.REM_SUBTIPO_REGISTRO(SUBTIPO_REGISTRO_ID,TIPO_REGISTRO_ID,DESCRIPCION,TIPO_FORMULARIO,NOVEDAD1,NOVEDAD2,NOVEDAD3,VALOR1,VALOR2,ESTADO,USUARIO_CREACION,TERMINAL_CREACION,FECHA_CREACION,USUARIO_MODIFICACION,TERMINAL_MODIFICACION,FECHA_MODIFICACION) VALUES(22,5,'Servicio de estética móvil',19,'Registro de Servicio de estética móvil','Acuerdo de Responsabilidad: Estoy de acuerdo en todo la información ingresada en este trámite','',0.00,0.00,'ACT','Script',host_name(),getdate(),'Script',host_name(),getdate())
insert into Remetfu.REM_SUBTIPO_REGISTRO(SUBTIPO_REGISTRO_ID,TIPO_REGISTRO_ID,DESCRIPCION,TIPO_FORMULARIO,NOVEDAD1,NOVEDAD2,NOVEDAD3,VALOR1,VALOR2,ESTADO,USUARIO_CREACION,TERMINAL_CREACION,FECHA_CREACION,USUARIO_MODIFICACION,TERMINAL_MODIFICACION,FECHA_MODIFICACION) VALUES(23,5,'Refugio o albergue privado',20,'Registro de Refugio privado','Acuerdo de Responsabilidad: Estoy de acuerdo en todo la información ingresada en este trámite','',0.00,0.00,'ACT','Script',host_name(),getdate(),'Script',host_name(),getdate())
insert into Remetfu.REM_SUBTIPO_REGISTRO(SUBTIPO_REGISTRO_ID,TIPO_REGISTRO_ID,DESCRIPCION,TIPO_FORMULARIO,NOVEDAD1,NOVEDAD2,NOVEDAD3,VALOR1,VALOR2,ESTADO,USUARIO_CREACION,TERMINAL_CREACION,FECHA_CREACION,USUARIO_MODIFICACION,TERMINAL_MODIFICACION,FECHA_MODIFICACION) VALUES(24,5,'Bioterios',21,'Registro de Bioterios','Acuerdo de Responsabilidad: Estoy de acuerdo en todo la información ingresada en este trámite','',3.00,0.00,'ACT','Script',host_name(),getdate(),'Script',host_name(),getdate())
insert into Remetfu.REM_SUBTIPO_REGISTRO(SUBTIPO_REGISTRO_ID,TIPO_REGISTRO_ID,DESCRIPCION,TIPO_FORMULARIO,NOVEDAD1,NOVEDAD2,NOVEDAD3,VALOR1,VALOR2,ESTADO,USUARIO_CREACION,TERMINAL_CREACION,FECHA_CREACION,USUARIO_MODIFICACION,TERMINAL_MODIFICACION,FECHA_MODIFICACION) VALUES(25,5,'Control de plagas',22,'Registro de Control de plagas','Acuerdo de Responsabilidad: Estoy de acuerdo en todo la información ingresada en este trámite','',0.00,0.00,'ACT','Script',host_name(),getdate(),'Script',host_name(),getdate())
insert into Remetfu.REM_SUBTIPO_REGISTRO(SUBTIPO_REGISTRO_ID,TIPO_REGISTRO_ID,DESCRIPCION,TIPO_FORMULARIO,NOVEDAD1,NOVEDAD2,NOVEDAD3,VALOR1,VALOR2,ESTADO,USUARIO_CREACION,TERMINAL_CREACION,FECHA_CREACION,USUARIO_MODIFICACION,TERMINAL_MODIFICACION,FECHA_MODIFICACION) VALUES(26,1,'Registro de Animales de Compañia',1,'Registro de Animales de compania','Acuerdo','',1.00,0.00,'ACT','Script',host_name(),getdate(),'Script',host_name(),getdate())
insert into Remetfu.REM_SUBTIPO_REGISTRO(SUBTIPO_REGISTRO_ID,TIPO_REGISTRO_ID,DESCRIPCION,TIPO_FORMULARIO,NOVEDAD1,NOVEDAD2,NOVEDAD3,VALOR1,VALOR2,ESTADO,USUARIO_CREACION,TERMINAL_CREACION,FECHA_CREACION,USUARIO_MODIFICACION,TERMINAL_MODIFICACION,FECHA_MODIFICACION) VALUES(27,3,'Registro de Datos Técnicos',22,'Registro de Datos Tècnicos','Acuerdo de Responsabilidad: Estoy de acuerdo en todo la información ingresada en este trámite','',0.00,0.00,'ACT','Script',host_name(),getdate(),'Script',host_name(),getdate())

--SELECT * FROM Remetfu.REM_SUBTIPO_REGISTRO

/*
select 'insert into Remetfu.REM_SUBTIPO_REGISTRO(SUBTIPO_REGISTRO_ID,TIPO_REGISTRO_ID,DESCRIPCION,TIPO_FORMULARIO,NOVEDAD1,NOVEDAD2,NOVEDAD3,VALOR1,VALOR2,ESTADO,USUARIO_CREACION,TERMINAL_CREACION,FECHA_CREACION,USUARIO_MODIFICACION,TERMINAL_MODIFICACION,FECHA_MODIFICACION) VALUES('+CONVERT(VARCHAR,SUBTIPO_REGISTRO_ID)+','+
CONVERT(VARCHAR,TIPO_REGISTRO_ID,126)+','''+DESCRIPCION+''','+CONVERT(VARCHAR,TIPO_FORMULARIO)+','''+NOVEDAD1+''','''+
NOVEDAD2+''','''+NOVEDAD3+''','+CONVERT(VARCHAR,VALOR1)+','+CONVERT(VARCHAR,VALOR2)+','''+
ESTADO+''','+'''Script'','+'host_name(),getdate()'+',''Script'','+'host_name(),getdate())'
from [MDMQ_REMETFU].[Remetfu].[REM_SUBTIPO_REGISTRO]
go
*/

SET IDENTITY_INSERT Remetfu.REM_SUBTIPO_REGISTRO OFF
GO

SET IDENTITY_INSERT Remetfu.REM_PARAMETROS ON
GO
--SELECT * FROM Remetfu.REM_PARAMETROS

INSERT INTO Remetfu.REM_PARAMETROS(PARAMETROS_ID,DESCRIPCION,VALOR,USUARIO_CREACION,TERMINAL_CREACION,FECHA_CREACION,USUARIO_MODIFICACION,TERMINAL_MODIFICACION,FECHA_MODIFICACION) VALUES(1,'Número de días para aprobar un trámite por parte de Analista',3,'Masivo',host_name(),getdate(),'Masivo',host_name(),getdate())
INSERT INTO Remetfu.REM_PARAMETROS(PARAMETROS_ID,DESCRIPCION,VALOR,USUARIO_CREACION,TERMINAL_CREACION,FECHA_CREACION,USUARIO_MODIFICACION,TERMINAL_MODIFICACION,FECHA_MODIFICACION) VALUES(2,'Número de días INACTIVO luego de rechazr trámite al usuario',90,'Masivo',host_name(),getdate(),'Masivo',host_name(),getdate())
INSERT INTO Remetfu.REM_PARAMETROS(PARAMETROS_ID,DESCRIPCION,VALOR,USUARIO_CREACION,TERMINAL_CREACION,FECHA_CREACION,USUARIO_MODIFICACION,TERMINAL_MODIFICACION,FECHA_MODIFICACION) VALUES(3,'Número de caracteres para motivos de devolución y rechazo',300,'Masivo',host_name(),getdate(),'Masivo',host_name(),getdate())
INSERT INTO Remetfu.REM_PARAMETROS(PARAMETROS_ID,DESCRIPCION,VALOR,USUARIO_CREACION,TERMINAL_CREACION,FECHA_CREACION,USUARIO_MODIFICACION,TERMINAL_MODIFICACION,FECHA_MODIFICACION) VALUES(4,'Número de intentos de Aprobación',2,'Masivo',host_name(),getdate(),'Masivo',host_name(),getdate())
INSERT INTO Remetfu.REM_PARAMETROS(PARAMETROS_ID,DESCRIPCION,VALOR,USUARIO_CREACION,TERMINAL_CREACION,FECHA_CREACION,USUARIO_MODIFICACION,TERMINAL_MODIFICACION,FECHA_MODIFICACION) VALUES(5,'Ordenanza GAD DMQ','No. 019 - 2020','Masivo',host_name(),getdate(),'Masivo',host_name(),getdate())
INSERT INTO Remetfu.REM_PARAMETROS(PARAMETROS_ID,DESCRIPCION,VALOR,USUARIO_CREACION,TERMINAL_CREACION,FECHA_CREACION,USUARIO_MODIFICACION,TERMINAL_MODIFICACION,FECHA_MODIFICACION) VALUES(6,'Valor por Registro de Prestación de Servicios','8.00','Masivo',host_name(),getdate(),'Masivo',host_name(),getdate())
INSERT INTO Remetfu.REM_PARAMETROS(PARAMETROS_ID,DESCRIPCION,VALOR,USUARIO_CREACION,TERMINAL_CREACION,FECHA_CREACION,USUARIO_MODIFICACION,TERMINAL_MODIFICACION,FECHA_MODIFICACION) VALUES(7,'Número de días para pago de la orden de aprobación del Registro',15,'Masivo',host_name(),getdate(),'Masivo',host_name(),getdate())
INSERT INTO Remetfu.REM_PARAMETROS(PARAMETROS_ID,DESCRIPCION,VALOR,USUARIO_CREACION,TERMINAL_CREACION,FECHA_CREACION,USUARIO_MODIFICACION,TERMINAL_MODIFICACION,FECHA_MODIFICACION) VALUES(8,'Número de cifras Registro: Veterinarios-Espacialistas',5,'Masivo',host_name(),getdate(),'Masivo',host_name(),getdate())
INSERT INTO Remetfu.REM_PARAMETROS(PARAMETROS_ID,DESCRIPCION,VALOR,USUARIO_CREACION,TERMINAL_CREACION,FECHA_CREACION,USUARIO_MODIFICACION,TERMINAL_MODIFICACION,FECHA_MODIFICACION) VALUES(9,'Número de cifras Registro: Tutores',7,'Masivo',host_name(),getdate(),'Masivo',host_name(),getdate())
INSERT INTO Remetfu.REM_PARAMETROS(PARAMETROS_ID,DESCRIPCION,VALOR,USUARIO_CREACION,TERMINAL_CREACION,FECHA_CREACION,USUARIO_MODIFICACION,TERMINAL_MODIFICACION,FECHA_MODIFICACION) VALUES(10,'Tamaño de archivo log',102400,'Masivo',host_name(),getdate(),'Masivo',host_name(),getdate())
INSERT INTO Remetfu.REM_PARAMETROS(PARAMETROS_ID,DESCRIPCION,VALOR,USUARIO_CREACION,TERMINAL_CREACION,FECHA_CREACION,USUARIO_MODIFICACION,TERMINAL_MODIFICACION,FECHA_MODIFICACION) VALUES(11,'Salario Básico Unificado',425.00,'Masivo',host_name(),getdate(),'Masivo',host_name(),getdate())
INSERT INTO Remetfu.REM_PARAMETROS(PARAMETROS_ID,DESCRIPCION,VALOR,USUARIO_CREACION,TERMINAL_CREACION,FECHA_CREACION,USUARIO_MODIFICACION,TERMINAL_MODIFICACION,FECHA_MODIFICACION) VALUES(12,'Tamaño de archivo Documentos acreditan Veterinario',1500,'Masivo',host_name(),getdate(),'Masivo',host_name(),getdate())

SET IDENTITY_INSERT Remetfu.REM_PARAMETROS OFF
GO

SET IDENTITY_INSERT Remetfu.REM_FERIADOS ON
GO

INSERT INTO Remetfu.REM_FERIADOS(FERIADOS_ID,DESCRIPCION,FECHA_FERIADO,ESTADO,USUARIO_CREACION,TERMINAL_CREACION,FECHA_CREACION,USUARIO_MODIFICACION,TERMINAL_MODIFICACION,FECHA_MODIFICACION) VALUES(1,'Viernes Santo','20220415','ACT','Masivo',host_name(),getdate(),'Masivo',host_name(),getdate())
INSERT INTO Remetfu.REM_FERIADOS(FERIADOS_ID,DESCRIPCION,FECHA_FERIADO,ESTADO,USUARIO_CREACION,TERMINAL_CREACION,FECHA_CREACION,USUARIO_MODIFICACION,TERMINAL_MODIFICACION,FECHA_MODIFICACION) VALUES(2,'Batalla de Pichincha','20220524','ACT','Masivo',host_name(),getdate(),'Masivo',host_name(),getdate())
INSERT INTO Remetfu.REM_FERIADOS(FERIADOS_ID,DESCRIPCION,FECHA_FERIADO,ESTADO,USUARIO_CREACION,TERMINAL_CREACION,FECHA_CREACION,USUARIO_MODIFICACION,TERMINAL_MODIFICACION,FECHA_MODIFICACION) VALUES(3,'Día de la Independencia','20220810','ACT','Masivo',host_name(),getdate(),'Masivo',host_name(),getdate())
INSERT INTO Remetfu.REM_FERIADOS(FERIADOS_ID,DESCRIPCION,FECHA_FERIADO,ESTADO,USUARIO_CREACION,TERMINAL_CREACION,FECHA_CREACION,USUARIO_MODIFICACION,TERMINAL_MODIFICACION,FECHA_MODIFICACION) VALUES(4,'Finados','20221102','ACT','Masivo',host_name(),getdate(),'Masivo',host_name(),getdate())
INSERT INTO Remetfu.REM_FERIADOS(FERIADOS_ID,DESCRIPCION,FECHA_FERIADO,ESTADO,USUARIO_CREACION,TERMINAL_CREACION,FECHA_CREACION,USUARIO_MODIFICACION,TERMINAL_MODIFICACION,FECHA_MODIFICACION) VALUES(5,'Independencia de Cuenca','20221103','ACT','Masivo',host_name(),getdate(),'Masivo',host_name(),getdate())

SET IDENTITY_INSERT Remetfu.REM_FERIADOS OFF
GO

SET IDENTITY_INSERT Remetfu.REM_NOMENCLATURA ON
GO

INSERT INTO Remetfu.REM_NOMENCLATURA(NOMENCLATURA_ID,SUBTIPO_REGISTRO_ID,SECUENCIAL_TMP,NOMENCLATURA_TMP,SECUENCIAL_FINAL,NOMENCLATURA_FINAL,NUMERO_DIGITOS,ESTADO,USUARIO_CREACION,TERMINAL_CREACION,FECHA_CREACION,USUARIO_MODIFICACION,TERMINAL_MODIFICACION,FECHA_MODIFICACION) VALUES(1,1,0,'PREREG-TUT',0,'REG-TUT',5,'ACT','Script',host_name(),getdate(),'Script',host_name(),getdate())
INSERT INTO Remetfu.REM_NOMENCLATURA(NOMENCLATURA_ID,SUBTIPO_REGISTRO_ID,SECUENCIAL_TMP,NOMENCLATURA_TMP,SECUENCIAL_FINAL,NOMENCLATURA_FINAL,NUMERO_DIGITOS,ESTADO,USUARIO_CREACION,TERMINAL_CREACION,FECHA_CREACION,USUARIO_MODIFICACION,TERMINAL_MODIFICACION,FECHA_MODIFICACION) VALUES(2,2,50,'PREREG-VET',1,'REG-VET',5,'ACT','Script',host_name(),getdate(),'Script',host_name(),getdate())
INSERT INTO Remetfu.REM_NOMENCLATURA(NOMENCLATURA_ID,SUBTIPO_REGISTRO_ID,SECUENCIAL_TMP,NOMENCLATURA_TMP,SECUENCIAL_FINAL,NOMENCLATURA_FINAL,NUMERO_DIGITOS,ESTADO,USUARIO_CREACION,TERMINAL_CREACION,FECHA_CREACION,USUARIO_MODIFICACION,TERMINAL_MODIFICACION,FECHA_MODIFICACION) VALUES(3,3,0,'PREREG-ECC',0,'REG-ECC',5,'ACT','Script',host_name(),getdate(),'Script',host_name(),getdate())
INSERT INTO Remetfu.REM_NOMENCLATURA(NOMENCLATURA_ID,SUBTIPO_REGISTRO_ID,SECUENCIAL_TMP,NOMENCLATURA_TMP,SECUENCIAL_FINAL,NOMENCLATURA_FINAL,NUMERO_DIGITOS,ESTADO,USUARIO_CREACION,TERMINAL_CREACION,FECHA_CREACION,USUARIO_MODIFICACION,TERMINAL_MODIFICACION,FECHA_MODIFICACION) VALUES(4,4,0,'INF-CE',0,'INF-CE',5,'ACT','Script',host_name(),getdate(),'Script',host_name(),getdate())
INSERT INTO Remetfu.REM_NOMENCLATURA(NOMENCLATURA_ID,SUBTIPO_REGISTRO_ID,SECUENCIAL_TMP,NOMENCLATURA_TMP,SECUENCIAL_FINAL,NOMENCLATURA_FINAL,NUMERO_DIGITOS,ESTADO,USUARIO_CREACION,TERMINAL_CREACION,FECHA_CREACION,USUARIO_MODIFICACION,TERMINAL_MODIFICACION,FECHA_MODIFICACION) VALUES(5,5,0,'PREREG-NN',0,'REG-NN',5,'ACT','Script',host_name(),getdate(),'Script',host_name(),getdate())
INSERT INTO Remetfu.REM_NOMENCLATURA(NOMENCLATURA_ID,SUBTIPO_REGISTRO_ID,SECUENCIAL_TMP,NOMENCLATURA_TMP,SECUENCIAL_FINAL,NOMENCLATURA_FINAL,NUMERO_DIGITOS,ESTADO,USUARIO_CREACION,TERMINAL_CREACION,FECHA_CREACION,USUARIO_MODIFICACION,TERMINAL_MODIFICACION,FECHA_MODIFICACION) VALUES(6,6,0,'PREREG-NN',0,'REG-NN',5,'ACT','Script',host_name(),getdate(),'Script',host_name(),getdate())
INSERT INTO Remetfu.REM_NOMENCLATURA(NOMENCLATURA_ID,SUBTIPO_REGISTRO_ID,SECUENCIAL_TMP,NOMENCLATURA_TMP,SECUENCIAL_FINAL,NOMENCLATURA_FINAL,NUMERO_DIGITOS,ESTADO,USUARIO_CREACION,TERMINAL_CREACION,FECHA_CREACION,USUARIO_MODIFICACION,TERMINAL_MODIFICACION,FECHA_MODIFICACION) VALUES(7,7,0,'PREREG-NN',0,'REG-NN',5,'ACT','Script',host_name(),getdate(),'Script',host_name(),getdate())
INSERT INTO Remetfu.REM_NOMENCLATURA(NOMENCLATURA_ID,SUBTIPO_REGISTRO_ID,SECUENCIAL_TMP,NOMENCLATURA_TMP,SECUENCIAL_FINAL,NOMENCLATURA_FINAL,NUMERO_DIGITOS,ESTADO,USUARIO_CREACION,TERMINAL_CREACION,FECHA_CREACION,USUARIO_MODIFICACION,TERMINAL_MODIFICACION,FECHA_MODIFICACION) VALUES(8,8,0,'PREREG-NN',0,'REG-NN',5,'ACT','Script',host_name(),getdate(),'Script',host_name(),getdate())
INSERT INTO Remetfu.REM_NOMENCLATURA(NOMENCLATURA_ID,SUBTIPO_REGISTRO_ID,SECUENCIAL_TMP,NOMENCLATURA_TMP,SECUENCIAL_FINAL,NOMENCLATURA_FINAL,NUMERO_DIGITOS,ESTADO,USUARIO_CREACION,TERMINAL_CREACION,FECHA_CREACION,USUARIO_MODIFICACION,TERMINAL_MODIFICACION,FECHA_MODIFICACION) VALUES(9,9,0,'PREREG-NN',0,'REG-NN',5,'ACT','Script',host_name(),getdate(),'Script',host_name(),getdate())
INSERT INTO Remetfu.REM_NOMENCLATURA(NOMENCLATURA_ID,SUBTIPO_REGISTRO_ID,SECUENCIAL_TMP,NOMENCLATURA_TMP,SECUENCIAL_FINAL,NOMENCLATURA_FINAL,NUMERO_DIGITOS,ESTADO,USUARIO_CREACION,TERMINAL_CREACION,FECHA_CREACION,USUARIO_MODIFICACION,TERMINAL_MODIFICACION,FECHA_MODIFICACION) VALUES(10,10,0,'PREREG-NN',0,'REG-NN',5,'ACT','Script',host_name(),getdate(),'Script',host_name(),getdate())
INSERT INTO Remetfu.REM_NOMENCLATURA(NOMENCLATURA_ID,SUBTIPO_REGISTRO_ID,SECUENCIAL_TMP,NOMENCLATURA_TMP,SECUENCIAL_FINAL,NOMENCLATURA_FINAL,NUMERO_DIGITOS,ESTADO,USUARIO_CREACION,TERMINAL_CREACION,FECHA_CREACION,USUARIO_MODIFICACION,TERMINAL_MODIFICACION,FECHA_MODIFICACION) VALUES(11,11,63,'PREREG-ECC',1,'REG-ECC',5,'ACT','Script',host_name(),getdate(),'Script',host_name(),getdate())
INSERT INTO Remetfu.REM_NOMENCLATURA(NOMENCLATURA_ID,SUBTIPO_REGISTRO_ID,SECUENCIAL_TMP,NOMENCLATURA_TMP,SECUENCIAL_FINAL,NOMENCLATURA_FINAL,NUMERO_DIGITOS,ESTADO,USUARIO_CREACION,TERMINAL_CREACION,FECHA_CREACION,USUARIO_MODIFICACION,TERMINAL_MODIFICACION,FECHA_MODIFICACION) VALUES(12,12,0,'PREREG-NN',0,'REG-NN',5,'ACT','Script',host_name(),getdate(),'Script',host_name(),getdate())
INSERT INTO Remetfu.REM_NOMENCLATURA(NOMENCLATURA_ID,SUBTIPO_REGISTRO_ID,SECUENCIAL_TMP,NOMENCLATURA_TMP,SECUENCIAL_FINAL,NOMENCLATURA_FINAL,NUMERO_DIGITOS,ESTADO,USUARIO_CREACION,TERMINAL_CREACION,FECHA_CREACION,USUARIO_MODIFICACION,TERMINAL_MODIFICACION,FECHA_MODIFICACION) VALUES(13,13,0,'PREREG-NN',0,'REG-NN',5,'ACT','Script',host_name(),getdate(),'Script',host_name(),getdate())
INSERT INTO Remetfu.REM_NOMENCLATURA(NOMENCLATURA_ID,SUBTIPO_REGISTRO_ID,SECUENCIAL_TMP,NOMENCLATURA_TMP,SECUENCIAL_FINAL,NOMENCLATURA_FINAL,NUMERO_DIGITOS,ESTADO,USUARIO_CREACION,TERMINAL_CREACION,FECHA_CREACION,USUARIO_MODIFICACION,TERMINAL_MODIFICACION,FECHA_MODIFICACION) VALUES(14,14,0,'PREREG-NN',0,'REG-NN',5,'ACT','Script',host_name(),getdate(),'Script',host_name(),getdate())
INSERT INTO Remetfu.REM_NOMENCLATURA(NOMENCLATURA_ID,SUBTIPO_REGISTRO_ID,SECUENCIAL_TMP,NOMENCLATURA_TMP,SECUENCIAL_FINAL,NOMENCLATURA_FINAL,NUMERO_DIGITOS,ESTADO,USUARIO_CREACION,TERMINAL_CREACION,FECHA_CREACION,USUARIO_MODIFICACION,TERMINAL_MODIFICACION,FECHA_MODIFICACION) VALUES(15,15,0,'PREREG-NN',0,'REG-NN',5,'ACT','Script',host_name(),getdate(),'Script',host_name(),getdate())
INSERT INTO Remetfu.REM_NOMENCLATURA(NOMENCLATURA_ID,SUBTIPO_REGISTRO_ID,SECUENCIAL_TMP,NOMENCLATURA_TMP,SECUENCIAL_FINAL,NOMENCLATURA_FINAL,NUMERO_DIGITOS,ESTADO,USUARIO_CREACION,TERMINAL_CREACION,FECHA_CREACION,USUARIO_MODIFICACION,TERMINAL_MODIFICACION,FECHA_MODIFICACION) VALUES(16,16,0,'PREREG-NN',0,'REG-NN',5,'ACT','Script',host_name(),getdate(),'Script',host_name(),getdate())
INSERT INTO Remetfu.REM_NOMENCLATURA(NOMENCLATURA_ID,SUBTIPO_REGISTRO_ID,SECUENCIAL_TMP,NOMENCLATURA_TMP,SECUENCIAL_FINAL,NOMENCLATURA_FINAL,NUMERO_DIGITOS,ESTADO,USUARIO_CREACION,TERMINAL_CREACION,FECHA_CREACION,USUARIO_MODIFICACION,TERMINAL_MODIFICACION,FECHA_MODIFICACION) VALUES(17,17,0,'PREREG-NN',0,'REG-NN',5,'ACT','Script',host_name(),getdate(),'Script',host_name(),getdate())
INSERT INTO Remetfu.REM_NOMENCLATURA(NOMENCLATURA_ID,SUBTIPO_REGISTRO_ID,SECUENCIAL_TMP,NOMENCLATURA_TMP,SECUENCIAL_FINAL,NOMENCLATURA_FINAL,NUMERO_DIGITOS,ESTADO,USUARIO_CREACION,TERMINAL_CREACION,FECHA_CREACION,USUARIO_MODIFICACION,TERMINAL_MODIFICACION,FECHA_MODIFICACION) VALUES(18,18,0,'PREREG-NN',0,'REG-NN',5,'ACT','Script',host_name(),getdate(),'Script',host_name(),getdate())
INSERT INTO Remetfu.REM_NOMENCLATURA(NOMENCLATURA_ID,SUBTIPO_REGISTRO_ID,SECUENCIAL_TMP,NOMENCLATURA_TMP,SECUENCIAL_FINAL,NOMENCLATURA_FINAL,NUMERO_DIGITOS,ESTADO,USUARIO_CREACION,TERMINAL_CREACION,FECHA_CREACION,USUARIO_MODIFICACION,TERMINAL_MODIFICACION,FECHA_MODIFICACION) VALUES(19,19,0,'PREREG-NN',0,'REG-NN',5,'ACT','Script',host_name(),getdate(),'Script',host_name(),getdate())
INSERT INTO Remetfu.REM_NOMENCLATURA(NOMENCLATURA_ID,SUBTIPO_REGISTRO_ID,SECUENCIAL_TMP,NOMENCLATURA_TMP,SECUENCIAL_FINAL,NOMENCLATURA_FINAL,NUMERO_DIGITOS,ESTADO,USUARIO_CREACION,TERMINAL_CREACION,FECHA_CREACION,USUARIO_MODIFICACION,TERMINAL_MODIFICACION,FECHA_MODIFICACION) VALUES(20,20,0,'PREREG-NN',0,'REG-NN',5,'ACT','Script',host_name(),getdate(),'Script',host_name(),getdate())
INSERT INTO Remetfu.REM_NOMENCLATURA(NOMENCLATURA_ID,SUBTIPO_REGISTRO_ID,SECUENCIAL_TMP,NOMENCLATURA_TMP,SECUENCIAL_FINAL,NOMENCLATURA_FINAL,NUMERO_DIGITOS,ESTADO,USUARIO_CREACION,TERMINAL_CREACION,FECHA_CREACION,USUARIO_MODIFICACION,TERMINAL_MODIFICACION,FECHA_MODIFICACION) VALUES(21,21,0,'PREREG-NN',0,'REG-NN',5,'ACT','Script',host_name(),getdate(),'Script',host_name(),getdate())
INSERT INTO Remetfu.REM_NOMENCLATURA(NOMENCLATURA_ID,SUBTIPO_REGISTRO_ID,SECUENCIAL_TMP,NOMENCLATURA_TMP,SECUENCIAL_FINAL,NOMENCLATURA_FINAL,NUMERO_DIGITOS,ESTADO,USUARIO_CREACION,TERMINAL_CREACION,FECHA_CREACION,USUARIO_MODIFICACION,TERMINAL_MODIFICACION,FECHA_MODIFICACION) VALUES(22,22,0,'PREREG-NN',0,'REG-NN',5,'ACT','Script',host_name(),getdate(),'Script',host_name(),getdate())
INSERT INTO Remetfu.REM_NOMENCLATURA(NOMENCLATURA_ID,SUBTIPO_REGISTRO_ID,SECUENCIAL_TMP,NOMENCLATURA_TMP,SECUENCIAL_FINAL,NOMENCLATURA_FINAL,NUMERO_DIGITOS,ESTADO,USUARIO_CREACION,TERMINAL_CREACION,FECHA_CREACION,USUARIO_MODIFICACION,TERMINAL_MODIFICACION,FECHA_MODIFICACION) VALUES(23,23,0,'PREREG-NN',0,'REG-NN',5,'ACT','Script',host_name(),getdate(),'Script',host_name(),getdate())
INSERT INTO Remetfu.REM_NOMENCLATURA(NOMENCLATURA_ID,SUBTIPO_REGISTRO_ID,SECUENCIAL_TMP,NOMENCLATURA_TMP,SECUENCIAL_FINAL,NOMENCLATURA_FINAL,NUMERO_DIGITOS,ESTADO,USUARIO_CREACION,TERMINAL_CREACION,FECHA_CREACION,USUARIO_MODIFICACION,TERMINAL_MODIFICACION,FECHA_MODIFICACION) VALUES(24,24,0,'PREREG-NN',0,'REG-NN',5,'ACT','Script',host_name(),getdate(),'Script',host_name(),getdate())
INSERT INTO Remetfu.REM_NOMENCLATURA(NOMENCLATURA_ID,SUBTIPO_REGISTRO_ID,SECUENCIAL_TMP,NOMENCLATURA_TMP,SECUENCIAL_FINAL,NOMENCLATURA_FINAL,NUMERO_DIGITOS,ESTADO,USUARIO_CREACION,TERMINAL_CREACION,FECHA_CREACION,USUARIO_MODIFICACION,TERMINAL_MODIFICACION,FECHA_MODIFICACION) VALUES(25,25,0,'PREREG-NN',0,'REG-NN',5,'ACT','Script',host_name(),getdate(),'Script',host_name(),getdate())
INSERT INTO Remetfu.REM_NOMENCLATURA(NOMENCLATURA_ID,SUBTIPO_REGISTRO_ID,SECUENCIAL_TMP,NOMENCLATURA_TMP,SECUENCIAL_FINAL,NOMENCLATURA_FINAL,NUMERO_DIGITOS,ESTADO,USUARIO_CREACION,TERMINAL_CREACION,FECHA_CREACION,USUARIO_MODIFICACION,TERMINAL_MODIFICACION,FECHA_MODIFICACION) VALUES(26,26,10,'PREREG-AT',0,'REG-AT',5,'ACT','Script',host_name(),getdate(),'Script',host_name(),getdate())
INSERT INTO Remetfu.REM_NOMENCLATURA(NOMENCLATURA_ID,SUBTIPO_REGISTRO_ID,SECUENCIAL_TMP,NOMENCLATURA_TMP,SECUENCIAL_FINAL,NOMENCLATURA_FINAL,NUMERO_DIGITOS,ESTADO,USUARIO_CREACION,TERMINAL_CREACION,FECHA_CREACION,USUARIO_MODIFICACION,TERMINAL_MODIFICACION,FECHA_MODIFICACION) VALUES(27,27,0,'PREREG-AV',0,'REG-AV',7,'ACT','Script',host_name(),getdate(),'Script',host_name(),getdate())

/*

select 'INSERT INTO Remetfu.REM_NOMENCLATURA(NOMENCLATURA_ID,SUBTIPO_REGISTRO_ID,SECUENCIAL_TMP,NOMENCLATURA_TMP,SECUENCIAL_FINAL,NOMENCLATURA_FINAL,NUMERO_DIGITOS,ESTADO,USUARIO_CREACION,TERMINAL_CREACION,FECHA_CREACION,USUARIO_MODIFICACION,TERMINAL_MODIFICACION,FECHA_MODIFICACION) VALUES('+
CONVERT(VARCHAR,NOMENCLATURA_ID)+','+CONVERT(VARCHAR,SUBTIPO_REGISTRO_ID)+','+CONVERT(VARCHAR,SECUENCIAL_TMP)+','''+
TRIM(NOMENCLATURA_TMP)+''','+CONVERT(VARCHAR,SECUENCIAL_FINAL)+','''+NOMENCLATURA_FINAL+''','+CONVERT(VARCHAR,NUMERO_DIGITOS)+','''+
ESTADO+''','+'''Script'','+'host_name(),getdate()'+',''Script'','+'host_name(),getdate())'
from Remetfu.REM_NOMENCLATURA
go
*/

SET IDENTITY_INSERT Remetfu.REM_NOMENCLATURA OFF
GO


SET IDENTITY_INSERT Remetfu.REM_RUBROS_SAO ON
GO
insert into Remetfu.REM_RUBROS_SAO(RUBROS_SAO_ID,SAO_TIPO_ORDEN_PAGO_RUBRO_ID,SAO_TIPO_ORDEN_PAGO_ID,SAO_RUBRO_ID,SAO_RUBRO_ANT,SUBTIPO_REGISTRO_ID,SAO_DETALLE,USUARIO_CREACION,TERMINAL_CREACION,FECHA_CREACION,USUARIO_MODIFICACION,TERMINAL_MODIFICACION,FECHA_MODIFICACION) VALUES(2,1394,73,615,239,2,'REGISTRO VETERINARIOS','Script',host_name(),getdate(),'Script',host_name(),getdate())
insert into Remetfu.REM_RUBROS_SAO(RUBROS_SAO_ID,SAO_TIPO_ORDEN_PAGO_RUBRO_ID,SAO_TIPO_ORDEN_PAGO_ID,SAO_RUBRO_ID,SAO_RUBRO_ANT,SUBTIPO_REGISTRO_ID,SAO_DETALLE,USUARIO_CREACION,TERMINAL_CREACION,FECHA_CREACION,USUARIO_MODIFICACION,TERMINAL_MODIFICACION,FECHA_MODIFICACION) VALUES(3,1395,73,616,244,11,'REGISTRO ESPECIALISTA CE','Script',host_name(),getdate(),'Script',host_name(),getdate())
insert into Remetfu.REM_RUBROS_SAO(RUBROS_SAO_ID,SAO_TIPO_ORDEN_PAGO_RUBRO_ID,SAO_TIPO_ORDEN_PAGO_ID,SAO_RUBRO_ID,SAO_RUBRO_ANT,SUBTIPO_REGISTRO_ID,SAO_DETALLE,USUARIO_CREACION,TERMINAL_CREACION,FECHA_CREACION,USUARIO_MODIFICACION,TERMINAL_MODIFICACION,FECHA_MODIFICACION) VALUES(4,1396,73,617,245,26,'REGISTRO ANIMALES CON TUTOR','Script',host_name(),getdate(),'Script',host_name(),getdate())
insert into Remetfu.REM_RUBROS_SAO(RUBROS_SAO_ID,SAO_TIPO_ORDEN_PAGO_RUBRO_ID,SAO_TIPO_ORDEN_PAGO_ID,SAO_RUBRO_ID,SAO_RUBRO_ANT,SUBTIPO_REGISTRO_ID,SAO_DETALLE,USUARIO_CREACION,TERMINAL_CREACION,FECHA_CREACION,USUARIO_MODIFICACION,TERMINAL_MODIFICACION,FECHA_MODIFICACION) VALUES(5,1397,73,618,246,3,'REGISTRO DE MICROCHIP','Script',host_name(),getdate(),'Script',host_name(),getdate())


/*
select 'insert into Remetfu.REM_RUBROS_SAO(RUBROS_SAO_ID,SAO_TIPO_ORDEN_PAGO_RUBRO_ID,SAO_TIPO_ORDEN_PAGO_ID,SAO_RUBRO_ID,SAO_RUBRO_ANT,SUBTIPO_REGISTRO_ID,SAO_DETALLE) VALUES('+
CONVERT(VARCHAR,RUBROS_SAO_ID)+','+CONVERT(VARCHAR,SAO_TIPO_ORDEN_PAGO_RUBRO_ID)+','+CONVERT(VARCHAR,SAO_TIPO_ORDEN_PAGO_ID)+','+CONVERT(VARCHAR,SAO_RUBRO_ID)+','+
CONVERT(VARCHAR,SAO_RUBRO_ANT)+','+CONVERT(VARCHAR,SUBTIPO_REGISTRO_ID)+','''+SAO_DETALLE+''','+'''Script'','+'host_name(),getdate()'+',''Script'','+'host_name(),getdate())'
from [MDMQ_REMETFU].[Remetfu].[REM_RUBROS_SAO]
go
*/

SET IDENTITY_INSERT Remetfu.REM_RUBROS_SAO ON
GO

/*
INSERT INTO [MDMQ_REMETFU].[Remetfu].[REM_USUARIOS]
select TIPO_IDENTIFICACION,NRO_IDENTIFICACION,DENOMINACION,MAIL,DIRECCION,TELEFONO,ACEPTACION_MEDIOS,ESTADO,CIM,USUARIO_CREACION,TERMINAL_CREACION,FECHA_CREACION,USUARIO_MODIFICACION,TERMINAL_MODIFICACION,FECHA_MODIFICACION
from [MDMQ1].[Remetfu].[REM_USUARIOS]

INSERT INTO [MDMQ_REMETFU].[Remetfu].[REM_USUARIO_PERFIL]
select USUARIO_ID,PERFIL_ID,DESCRIPCION,ESTADO,USUARIO_CREACION,TERMINAL_CREACION,FECHA_CREACION,USUARIO_MODIFICACION,TERMINAL_MODIFICACION,FECHA_MODIFICACION
from [MDMQ1].[Remetfu].[REM_USUARIO_PERFIL]

select 'insert into [MDMQ_REMETFU].[Remetfu].[REM_USUARIOS] values('''+TIPO_IDENTIFICACION+''','''+TRIM(NRO_IDENTIFICACION)+''','''+
DENOMINACION+''','''+MAIL+''','''+TRIM(DIRECCION)+''','''+CONVERT(VARCHAR,TELEFONO)+''','''+TRIM(ACEPTACION_MEDIOS)+''','''+ESTADO+
''','''+CONVERT(VARCHAR,CIM)+''','''+USUARIO_CREACION+''','''+TERMINAL_CREACION+''','''+CONVERT(VARCHAR,FECHA_CREACION,126)+''','''
+USUARIO_MODIFICACION+''','''+TERMINAL_MODIFICACION+''','''+CONVERT(VARCHAR,FECHA_MODIFICACION,126)+''')'
from [MDMQ_REMETFU].[Remetfu].[REM_USUARIOS]
go

select 'insert into [MDMQ_REMETFU].[Remetfu].[REM_USUARIO_PERFIL] values('''+CONVERT(VARCHAR,USUARIO_ID)+''','''+CONVERT(VARCHAR,PERFIL_ID)+''','''+
TRIM(DESCRIPCION)+''','''+ESTADO+''','''+USUARIO_CREACION+''','''+TERMINAL_CREACION+''','''+CONVERT(VARCHAR,FECHA_CREACION,126)+''','''
+USUARIO_MODIFICACION+''','''+TERMINAL_MODIFICACION+''','''+CONVERT(VARCHAR,FECHA_MODIFICACION,126)+''')'
from [MDMQ_REMETFU].[Remetfu].[REM_USUARIO_PERFIL]
go

INSERT INTO [MDMQ_REMETFU].[Remetfu].[REM_ANALISTA]
SELECT distinct P.PERFIL_ID,U.USUARIO_ID,NULL,NULL,NULL,NULL,NULL,'ACT',0,0,0,'Masivo',host_name(),getdate(),'Masivo',host_name(),getdate()
FROM [MDMQ_REMETFU].[Remetfu].[REM_PERFIL] P
INNER JOIN [MDMQ_REMETFU].[Remetfu].[REM_USUARIO_PERFIL] UP
ON P.PERFIL_ID=UP.PERFIL_ID
INNER JOIN [MDMQ_REMETFU].[Remetfu].[REM_USUARIOS] U
ON UP.USUARIO_ID=U.USUARIO_ID
WHERE P.PERFIL_ID=3
AND U.USUARIO_ID=4

*/
